target_subject,seed,group,n_support,n_aug_total,n_aug_kept,rejected_ratio,mean_aug_weight_all,mean_aug_weight_kept,artifact_threshold,fold_score_nan_inf_count,fold_covariance_nan_inf_count,accuracy,balanced_accuracy,macro_f1,kappa,auroc,nll,ece,brier
90,20,NaiveAug_LS010,10,60,60,0.0,1.0,1.0,3.3602078437805183,0,0,0.8285714285714286,0.826797385620915,0.8273026315789473,0.6557377049180327,0.8954248366013071,0.40220973635354246,0.09763225487300328,0.26715582609176636
90,20,ArtifactReject_LS010,10,60,54,0.09999999999999998,1.0,1.0,3.3602078437805183,0,0,0.8,0.8006535947712419,0.7999999999999999,0.6003262642740621,0.9150326797385621,0.3836461529996688,0.10254511492592948,0.24975503981113434
90,20,SoftWeight_noReject_LS010,10,60,60,0.0,0.6000000238418579,0.6000000238418579,3.3602078437805183,0,0,0.7714285714285715,0.7696078431372549,0.7697368421052632,0.540983606557377,0.869281045751634,0.4411133263847675,0.14515902144568307,0.28715047240257263
90,20,SAS-Cert-SoftAR-LS-v1.1,10,60,54,0.09999999999999998,0.5431638360023499,0.6035153865814209,3.3602078437805183,0,0,0.8571428571428571,0.8545751633986928,0.8552522746071134,0.7126436781609196,0.9150326797385621,0.38738940398885113,0.11033865043095178,0.24885450303554535
90,21,NaiveAug_LS010,10,60,60,0.0,1.0,1.0,2.7428706645965577,0,0,0.9142857142857143,0.9150326797385621,0.9142857142857143,0.8287112561174552,0.9836601307189542,0.19904755384277367,0.05632483788899013,0.12037566304206848
90,21,ArtifactReject_LS010,10,60,54,0.09999999999999998,1.0,1.0,2.7428706645965577,0,0,0.8571428571428571,0.8594771241830066,0.8566748566748567,0.7154471544715447,0.9477124183006536,0.30212998913168004,0.06042562212262834,0.19659188389778137
90,21,SoftWeight_noReject_LS010,10,60,60,0.0,0.6000000238418579,0.6000000238418579,2.7428706645965577,0,0,0.8571428571428571,0.8594771241830066,0.8566748566748567,0.7154471544715447,0.9705882352941175,0.25727815196335185,0.09152366433824813,0.16899433732032776
90,21,SAS-Cert-SoftAR-LS-v1.1,10,60,54,0.09999999999999998,0.518983006477356,0.5766478180885315,2.7428706645965577,0,0,0.8571428571428571,0.8594771241830066,0.8566748566748567,0.7154471544715447,0.9281045751633987,0.3360410601312679,0.1344218603202275,0.21500548720359802
90,22,NaiveAug_LS010,10,60,60,0.0,1.0,1.0,4.39075722694397,0,0,0.8857142857142857,0.8872549019607843,0.8856209150326797,0.7719869706840391,0.9705882352941176,0.2313595421587517,0.0642089009284973,0.1490217000246048
90,22,ArtifactReject_LS010,10,60,54,0.09999999999999998,1.0,1.0,4.39075722694397,0,0,0.8857142857142857,0.8872549019607843,0.8856209150326797,0.7719869706840391,0.9673202614379085,0.2253549650290287,0.09934697491782052,0.1454612761735916
90,22,SoftWeight_noReject_LS010,10,60,60,0.0,0.6000000238418579,0.6000000238418579,4.39075722694397,0,0,0.8857142857142857,0.8839869281045751,0.8848684210526315,0.7704918032786885,0.9673202614379085,0.235309298026951,0.12336435317993164,0.14893227815628052
90,22,SAS-Cert-SoftAR-LS-v1.1,10,60,54,0.09999999999999998,0.5259886980056763,0.5844318866729736,4.39075722694397,0,0,0.9142857142857143,0.9133986928104575,0.914004914004914,0.8281505728314239,0.9738562091503268,0.22684861276864643,0.07587186779294694,0.14219948649406433
90,23,NaiveAug_LS010,10,60,60,0.0,1.0,1.0,5.423462533950814,0,0,0.9142857142857143,0.9133986928104575,0.914004914004914,0.8281505728314239,0.9738562091503267,0.21600097766583248,0.09291774800845555,0.13473251461982727
90,23,ArtifactReject_LS010,10,60,54,0.09999999999999998,1.0,1.0,5.423462533950814,0,0,0.9142857142857143,0.9133986928104575,0.914004914004914,0.8281505728314239,0.9771241830065359,0.19432394937948025,0.07200836624417985,0.12053819745779037
90,23,SoftWeight_noReject_LS010,10,60,60,0.0,0.6000000238418579,0.6000000238418579,5.423462533950814,0,0,0.8857142857142857,0.8839869281045751,0.8848684210526315,0.7704918032786885,0.9771241830065359,0.23130479443453403,0.09290717499596732,0.1429530680179596
90,23,SAS-Cert-SoftAR-LS-v1.1,10,60,54,0.09999999999999998,0.5368362069129944,0.5964846611022949,5.423462533950814,0,0,0.8857142857142857,0.8839869281045751,0.8848684210526315,0.7704918032786885,0.9738562091503267,0.2230716197525807,0.0797298652785165,0.1415378302335739
90,24,NaiveAug_LS010,10,60,60,0.0,1.0,1.0,3.8887782096862793,0,0,0.8857142857142857,0.8823529411764706,0.8833333333333333,0.7697368421052632,0.9901960784313725,0.22450935679235196,0.08336825030190603,0.14170768857002258
90,24,ArtifactReject_LS010,10,60,54,0.09999999999999998,1.0,1.0,3.8887782096862793,0,0,0.8857142857142857,0.8823529411764706,0.8833333333333333,0.7697368421052632,0.9803921568627451,0.24172555438373672,0.10402570622307913,0.15471462905406952
90,24,SoftWeight_noReject_LS010,10,60,60,0.0,0.6000000834465027,0.6000000834465027,3.8887782096862793,0,0,0.8857142857142857,0.8823529411764706,0.8833333333333333,0.7697368421052632,0.9869281045751633,0.22208799885514044,0.07948350736073084,0.14117226004600525
90,24,SAS-Cert-SoftAR-LS-v1.1,10,60,54,0.09999999999999998,0.5436158776283264,0.6040176153182983,3.8887782096862793,0,0,0.8857142857142857,0.8823529411764706,0.8833333333333333,0.7697368421052632,0.9836601307189542,0.24284970588581112,0.070710894039699,0.1565791815519333
91,20,NaiveAug_LS010,10,60,60,0.0,1.0,1.0,4.483706426620484,0,0,0.7428571428571429,0.7434640522875817,0.7428571428571428,0.48613376835236544,0.7810457516339869,0.8314006350532628,0.1989350608416966,0.44058334827423096
91,20,ArtifactReject_LS010,10,60,54,0.09999999999999998,1.0,1.0,4.483706426620484,0,0,0.7142857142857143,0.7173202614379085,0.712171052631579,0.4318181818181819,0.7679738562091503,0.9132601715211367,0.25533849256379265,0.4605315625667572
91,20,SoftWeight_noReject_LS010,10,60,60,0.0,0.6000000834465027,0.6000000834465027,4.483706426620484,0,0,0.7142857142857143,0.7156862745098038,0.7140522875816994,0.4299674267100978,0.7875816993464052,0.818674621932039,0.22327020679201398,0.4395667016506195
91,20,SAS-Cert-SoftAR-LS-v1.1,10,60,54,0.09999999999999998,0.551073431968689,0.6123038530349731,4.483706426620484,0,0,0.7142857142857143,0.7173202614379085,0.712171052631579,0.4318181818181819,0.7647058823529411,0.9114005237201949,0.2005600188459669,0.46593987941741943
91,21,NaiveAug_LS010,10,60,60,0.0,1.0,1.0,3.98267924785614,0,0,0.7428571428571429,0.7401960784313726,0.7394540942928038,0.48275862068965514,0.8627450980392157,0.5049199046618876,0.15494022199085783,0.30999109148979187
91,21,ArtifactReject_LS010,10,60,54,0.09999999999999998,1.0,1.0,3.98267924785614,0,0,0.8,0.7973856209150327,0.7973531844499586,0.5977011494252873,0.8594771241830066,0.5866898330029221,0.1457841958318438,0.33705881237983704
91,21,SoftWeight_noReject_LS010,10,60,60,0.0,0.6000000238418579,0.6000000238418579,3.98267924785614,0,0,0.7714285714285715,0.7679738562091503,0.7666666666666666,0.5394736842105263,0.8823529411764706,0.4904404088043776,0.18113548244748798,0.2985779345035553
91,21,SAS-Cert-SoftAR-LS-v1.1,10,60,54,0.09999999999999998,0.5481355786323547,0.6090395450592041,3.98267924785614,0,0,0.8,0.7973856209150327,0.7973531844499586,0.5977011494252873,0.8758169934640523,0.5327161744967134,0.16305223703384397,0.3199095129966736
91,22,NaiveAug_LS010,10,60,60,0.0,1.0,1.0,2.344848608970642,0,0,0.7714285714285715,0.7696078431372549,0.7697368421052632,0.540983606557377,0.7647058823529411,0.8200902710182636,0.224864615712847,0.3936452269554138
91,22,ArtifactReject_LS010,10,60,54,0.09999999999999998,1.0,1.0,2.344848608970642,0,0,0.7714285714285715,0.7696078431372549,0.7697368421052632,0.540983606557377,0.7745098039215685,0.8207349985179642,0.1959236281258719,0.38625726103782654
91,22,SoftWeight_noReject_LS010,10,60,60,0.0,0.6000000834465027,0.6000000834465027,2.344848608970642,0,0,0.7714285714285715,0.7696078431372549,0.7697368421052632,0.540983606557377,0.7973856209150326,0.8003898613788728,0.1841101016317095,0.3823390305042267
91,22,SAS-Cert-SoftAR-LS-v1.1,10,60,54,0.09999999999999998,0.5126554369926453,0.5696170330047607,2.344848608970642,0,0,0.8,0.7973856209150327,0.7973531844499586,0.5977011494252873,0.7843137254901961,0.8146259131126555,0.2295437387057713,0.3739950358867645
91,23,NaiveAug_LS010,10,60,60,0.0,1.0,1.0,8.314463043212891,0,0,0.7428571428571429,0.738562091503268,0.735071488645921,0.48105436573311366,0.8071895424836601,0.839060746944856,0.20997678296906608,0.3982905447483063
91,23,ArtifactReject_LS010,10,60,54,0.09999999999999998,1.0,1.0,8.314463043212891,0,0,0.7714285714285715,0.7679738562091503,0.7666666666666666,0.5394736842105263,0.7941176470588236,0.8598496122091223,0.201417122568403,0.3889700770378113
91,23,SoftWeight_noReject_LS010,10,60,60,0.0,0.6000000834465027,0.6000000834465027,8.314463043212891,0,0,0.7428571428571429,0.738562091503268,0.735071488645921,0.48105436573311366,0.8137254901960784,0.8477148818468285,0.20407544544764927,0.38986527919769287
91,23,SAS-Cert-SoftAR-LS-v1.1,10,60,54,0.09999999999999998,0.5338982939720154,0.5932202935218811,8.314463043212891,0,0,0.7714285714285715,0.7679738562091503,0.7666666666666666,0.5394736842105263,0.7941176470588236,0.8897259605287046,0.18021405935287474,0.4006018042564392
91,24,NaiveAug_LS010,10,60,60,0.0,1.0,1.0,3.921904492378235,0,0,0.8,0.7973856209150327,0.7973531844499586,0.5977011494252873,0.9117647058823529,0.4399957901041101,0.14551771112850737,0.2637704312801361
91,24,ArtifactReject_LS010,10,60,54,0.09999999999999998,1.0,1.0,3.921904492378235,0,0,0.8,0.7990196078431373,0.7993447993447994,0.5990180032733223,0.9150326797385621,0.4398100011438486,0.15574816295078822,0.2569114565849304
91,24,SoftWeight_noReject_LS010,10,60,60,0.0,0.6000000238418579,0.6000000238418579,3.921904492378235,0,0,0.8,0.7990196078431373,0.7993447993447994,0.5990180032733223,0.9150326797385621,0.4070349300245645,0.16575956259455,0.2548387348651886
91,24,SAS-Cert-SoftAR-LS-v1.1,10,60,54,0.09999999999999998,0.5198870301246643,0.5776522159576416,3.921904492378235,0,0,0.7714285714285715,0.7696078431372549,0.7697368421052632,0.540983606557377,0.9084967320261437,0.47471525443318674,0.18457016093390327,0.2761121988296509
92,20,NaiveAug_LS010,10,60,60,0.0,1.0,1.0,2.6735300064086913,0,0,0.8085106382978723,0.8118181818181818,0.8085106382978724,0.6185752930568079,0.9290909090909091,0.37283855528075527,0.14647660293477643,0.2503299415111542
92,20,ArtifactReject_LS010,10,60,54,0.09999999999999998,1.0,1.0,2.6735300064086913,0,0,0.8085106382978723,0.8118181818181818,0.8085106382978724,0.6185752930568079,0.9272727272727272,0.35883552454811307,0.10470556134873249,0.240130215883255
92,20,SoftWeight_noReject_LS010,10,60,60,0.0,0.6000000834465027,0.6000000834465027,2.6735300064086913,0,0,0.8085106382978723,0.8118181818181818,0.8085106382978724,0.6185752930568079,0.9218181818181819,0.3696334352671088,0.09564292050422506,0.25033295154571533
92,20,SAS-Cert-SoftAR-LS-v1.1,10,60,54,0.09999999999999998,0.5329943299293518,0.5922159552574158,2.6735300064086913,0,0,0.8297872340425532,0.8318181818181818,0.8297101449275361,0.6600361663652803,0.9345454545454546,0.33976127293719305,0.14122545592328337,0.22717121243476868
92,21,NaiveAug_LS010,10,60,60,0.0,1.0,1.0,2.324546694755554,0,0,0.7659574468085106,0.7609090909090909,0.762080073630925,0.5261228230980752,0.9090909090909091,0.45817947376651236,0.14713402885071777,0.3189700245857239
92,21,ArtifactReject_LS010,10,60,54,0.09999999999999998,1.0,1.0,2.324546694755554,0,0,0.8297872340425532,0.8209090909090908,0.8233082706766917,0.6524953789279113,0.9127272727272727,0.5125480443169642,0.19631729227431277,0.33298036456108093
92,21,SoftWeight_noReject_LS010,10,60,60,0.0,0.6000000834465027,0.6000000834465027,2.324546694755554,0,0,0.7659574468085106,0.7609090909090909,0.762080073630925,0.5261228230980752,0.9127272727272727,0.48068720274237725,0.1403614770858846,0.3192535936832428
92,21,SAS-Cert-SoftAR-LS-v1.1,10,60,54,0.09999999999999998,0.5318644046783447,0.5909604430198669,2.324546694755554,0,0,0.7872340425531915,0.7809090909090909,0.7824074074074073,0.568014705882353,0.9127272727272727,0.5012232524785388,0.21044351382458465,0.32714807987213135
92,22,NaiveAug_LS010,10,60,60,0.0,1.0,1.0,2.0973826646804814,0,0,0.8723404255319149,0.8690909090909091,0.8708791208791209,0.7422303473491774,0.9672727272727273,0.2677941555176911,0.05783444389383843,0.1683097630739212
92,22,ArtifactReject_LS010,10,60,54,0.09999999999999998,1.0,1.0,2.0973826646804814,0,0,0.8936170212765957,0.8918181818181818,0.8928408572731419,0.7857793983591613,0.96,0.26951181676791236,0.08302168896857728,0.168033167719841
92,22,SoftWeight_noReject_LS010,10,60,60,0.0,0.6000000238418579,0.6000000238418579,2.0973826646804814,0,0,0.8936170212765957,0.8918181818181818,0.8928408572731419,0.7857793983591613,0.96,0.26945446632421854,0.09590999560153231,0.16840460896492004
92,22,SAS-Cert-SoftAR-LS-v1.1,10,60,54,0.09999999999999998,0.5237288475036621,0.5819209218025208,2.0973826646804814,0,0,0.8723404255319149,0.8690909090909091,0.8708791208791209,0.7422303473491774,0.96,0.2743970649845853,0.12151774954288563,0.1719871461391449
92,23,NaiveAug_LS010,10,60,60,0.0,1.0,1.0,3.352008938789368,0,0,0.8723404255319149,0.8718181818181818,0.8718181818181818,0.7436363636363637,0.96,0.27167106916324346,0.11012565075082983,0.17746898531913757
92,23,ArtifactReject_LS010,10,60,54,0.09999999999999998,1.0,1.0,3.352008938789368,0,0,0.8723404255319149,0.8718181818181818,0.8718181818181818,0.7436363636363637,0.9545454545454545,0.29828089804643243,0.11988482957190655,0.19940397143363953
92,23,SoftWeight_noReject_LS010,10,60,60,0.0,0.6000001430511475,0.6000001430511475,3.352008938789368,0,0,0.8723404255319149,0.8718181818181818,0.8718181818181818,0.7436363636363637,0.9581818181818181,0.27566060434563944,0.07957896907278833,0.1801823079586029
92,23,SAS-Cert-SoftAR-LS-v1.1,10,60,54,0.09999999999999998,0.5451977252960205,0.6057752966880798,3.352008938789368,0,0,0.851063829787234,0.8518181818181818,0.8507936507936509,0.701722574796011,0.9527272727272726,0.3001018885790519,0.0959903280785743,0.19760048389434814
92,24,NaiveAug_LS010,10,60,60,0.0,1.0,1.0,3.140796184539795,0,0,0.8297872340425532,0.8236363636363637,0.825925925925926,0.6544117647058824,0.9436363636363636,0.3254660098042628,0.11793057842457548,0.22835040092468262
92,24,ArtifactReject_LS010,10,60,54,0.09999999999999998,1.0,1.0,3.140796184539795,0,0,0.8085106382978723,0.8036363636363637,0.8053382420616659,0.6122823098075161,0.9327272727272727,0.33411652800991604,0.1057804600989565,0.2351500540971756
92,24,SoftWeight_noReject_LS010,10,60,60,0.0,0.5999999642372131,0.5999999642372131,3.140796184539795,0,0,0.8085106382978723,0.8036363636363637,0.8053382420616659,0.6122823098075161,0.9345454545454546,0.3361706818198844,0.12706165205925068,0.23795326054096222
92,24,SAS-Cert-SoftAR-LS-v1.1,10,60,54,0.09999999999999998,0.5207909345626831,0.5786566138267517,3.140796184539795,0,0,0.8085106382978723,0.8036363636363637,0.8053382420616659,0.6122823098075161,0.9309090909090909,0.3353380978606403,0.12278250050037465,0.23667851090431213
93,20,NaiveAug_LS010,10,60,60,0.0,1.0,1.0,3.1221348285675097,0,0,0.6,0.6029411764705883,0.5970394736842106,0.20454545454545459,0.5980392156862745,1.5364823074826364,0.33936619928904943,0.6555337905883789
93,20,ArtifactReject_LS010,10,60,54,0.09999999999999998,1.0,1.0,3.1221348285675097,0,0,0.6,0.6029411764705883,0.5970394736842106,0.20454545454545459,0.6111111111111112,1.57542747564685,0.32449244005339484,0.6369110345840454
93,20,SoftWeight_noReject_LS010,10,60,60,0.0,0.6000000834465027,0.6000000834465027,3.1221348285675097,0,0,0.6285714285714286,0.6323529411764706,0.6236559139784947,0.2625607779578607,0.5980392156862745,1.6127776545874444,0.32581685951777867,0.646914541721344
93,20,SAS-Cert-SoftAR-LS-v1.1,10,60,54,0.09999999999999998,0.5677966475486755,0.6308851838111877,3.1221348285675097,0,0,0.6285714285714286,0.6323529411764706,0.6236559139784947,0.2625607779578607,0.6013071895424836,1.6409093110978457,0.32944371444838383,0.6357290148735046
93,21,NaiveAug_LS010,10,60,60,0.0,1.0,1.0,3.139552903175354,0,0,0.6,0.6062091503267973,0.5833333333333333,0.20967741935483875,0.6111111111111112,1.3462713757302542,0.3288621357509068,0.6987630724906921
93,21,ArtifactReject_LS010,10,60,54,0.09999999999999998,1.0,1.0,3.139552903175354,0,0,0.6,0.6062091503267973,0.5833333333333333,0.20967741935483875,0.5947712418300654,1.3721135998287175,0.3680003660065787,0.7168021202087402
93,21,SoftWeight_noReject_LS010,10,60,60,0.0,0.6000000238418579,0.6000000238418579,3.139552903175354,0,0,0.6,0.6062091503267973,0.5833333333333333,0.20967741935483875,0.6111111111111112,1.416819142434752,0.3486518519265311,0.7264917492866516
93,21,SAS-Cert-SoftAR-LS-v1.1,10,60,54,0.09999999999999998,0.5413559079170227,0.6015065312385559,3.139552903175354,0,0,0.6,0.6062091503267973,0.5833333333333333,0.20967741935483875,0.5980392156862745,1.4107348261367985,0.4029739115919385,0.7261348962783813
93,22,NaiveAug_LS010,10,60,60,0.0,1.0,1.0,2.8151067733764665,0,0,0.5428571428571428,0.5441176470588236,0.5424836601307189,0.08794788273615639,0.5620915032679739,1.0930038832079123,0.32133244872093203,0.6769611239433289
93,22,ArtifactReject_LS010,10,60,54,0.09999999999999998,1.0,1.0,2.8151067733764665,0,0,0.6,0.6029411764705883,0.5970394736842106,0.20454545454545459,0.6078431372549019,1.052559412476394,0.2999171452862876,0.6177809834480286
93,22,SoftWeight_noReject_LS010,10,60,60,0.0,0.5999999642372131,0.5999999642372131,2.8151067733764665,0,0,0.5714285714285714,0.5751633986928104,0.56575682382134,0.14910858995137766,0.5882352941176471,1.0922369637660572,0.31618958711624146,0.6437641382217407
93,22,SAS-Cert-SoftAR-LS-v1.1,10,60,54,0.09999999999999998,0.5614688992500305,0.6238543391227722,2.8151067733764665,0,0,0.5142857142857142,0.5163398692810457,0.5126945126945126,0.0325203252032521,0.5882352941176471,1.0921068770390252,0.30583376969609943,0.6437676548957825
93,23,NaiveAug_LS010,10,60,60,0.0,1.0,1.0,4.811497068405153,0,0,0.5428571428571428,0.5506535947712419,0.5104895104895104,0.09967845659163987,0.607843137254902,0.9760752910554134,0.31712921346936906,0.6299715042114258
93,23,ArtifactReject_LS010,10,60,54,0.09999999999999998,1.0,1.0,4.811497068405153,0,0,0.5428571428571428,0.5506535947712419,0.5104895104895104,0.09967845659163987,0.6176470588235294,1.003388802696889,0.3177529543638229,0.6317287683486938
93,23,SoftWeight_noReject_LS010,10,60,60,0.0,0.6000000238418579,0.6000000238418579,4.811497068405153,0,0,0.5714285714285714,0.5800653594771241,0.5333333333333334,0.1573033707865169,0.630718954248366,0.9853242349209241,0.26236698031425476,0.622044563293457
93,23,SAS-Cert-SoftAR-LS-v1.1,10,60,54,0.09999999999999998,0.5293785333633423,0.5881983041763306,4.811497068405153,0,0,0.5428571428571428,0.5506535947712419,0.5104895104895104,0.09967845659163987,0.6274509803921569,0.9889408492544703,0.2689212373324803,0.627855658531189
93,24,NaiveAug_LS010,10,60,60,0.0,1.0,1.0,6.881766891479501,0,0,0.5142857142857142,0.5081699346405228,0.487510766580534,0.016528925619834656,0.6045751633986929,1.1152681709687196,0.344842666387558,0.7218791842460632
93,24,ArtifactReject_LS010,10,60,54,0.09999999999999998,1.0,1.0,6.881766891479501,0,0,0.4857142857142857,0.48202614379084974,0.4750000000000001,-0.03618421052631593,0.5751633986928104,1.2269126538522876,0.39692051240376064,0.7597887516021729
93,24,SoftWeight_noReject_LS010,10,60,60,0.0,0.6000000834465027,0.6000000834465027,6.881766891479501,0,0,0.4857142857142857,0.48366013071895425,0.48190789473684204,-0.032786885245901676,0.6045751633986928,1.0316027280720867,0.3591412220682417,0.6838631629943848
93,24,SAS-Cert-SoftAR-LS-v1.1,10,60,54,0.09999999999999998,0.5232768058776855,0.5814186930656433,6.881766891479501,0,0,0.5142857142857142,0.511437908496732,0.5078577336641853,0.02298850574712641,0.5718954248366013,1.1194925907361164,0.3658964020865304,0.7211359143257141
94,20,NaiveAug_LS010,10,60,60,0.0,1.0,1.0,3.3621960163116458,0,0,0.7142857142857143,0.7107843137254902,0.7083333333333333,0.42434210526315785,0.7908496732026145,0.8697691188295952,0.25268214259828836,0.4465823173522949
94,20,ArtifactReject_LS010,10,60,54,0.09999999999999998,1.0,1.0,3.3621960163116458,0,0,0.7142857142857143,0.7107843137254902,0.7083333333333333,0.42434210526315785,0.7516339869281046,0.9414203206099434,0.2422056061880929,0.4918366074562073
94,20,SoftWeight_noReject_LS010,10,60,60,0.0,0.6000000238418579,0.6000000238418579,3.3621960163116458,0,0,0.6857142857142857,0.6830065359477124,0.6815550041356493,0.367816091954023,0.7320261437908496,0.9471597659186851,0.22247972318104337,0.5086474418640137
94,20,SAS-Cert-SoftAR-LS-v1.1,10,60,54,0.09999999999999998,0.5327683687210083,0.591964840888977,3.3621960163116458,0,0,0.7142857142857143,0.7107843137254902,0.7083333333333333,0.42434210526315785,0.7581699346405228,0.9122298891464923,0.2312956699303218,0.48508769273757935
94,21,NaiveAug_LS010,10,60,60,0.0,1.0,1.0,2.6009419202804587,0,0,0.8285714285714286,0.8284313725490196,0.8284313725490196,0.6568627450980391,0.8562091503267973,0.5049237150719009,0.1669189589364188,0.3000403344631195
94,21,ArtifactReject_LS010,10,60,54,0.09999999999999998,1.0,1.0,2.6009419202804587,0,0,0.8,0.8006535947712419,0.7999999999999999,0.6003262642740621,0.8627450980392157,0.49615559138207144,0.17003373077937534,0.30075663328170776
94,21,SoftWeight_noReject_LS010,10,60,60,0.0,0.6000000238418579,0.6000000238418579,2.6009419202804587,0,0,0.8285714285714286,0.8284313725490196,0.8284313725490196,0.6568627450980391,0.8692810457516339,0.4901284942528199,0.14004311902182442,0.2952704131603241
94,21,SAS-Cert-SoftAR-LS-v1.1,10,60,54,0.09999999999999998,0.5569491982460022,0.6188324093818665,2.6009419202804587,0,0,0.8285714285714286,0.8284313725490196,0.8284313725490196,0.6568627450980391,0.8725490196078431,0.4892926046334118,0.1738359178815569,0.29197555780410767
94,22,NaiveAug_LS010,10,60,60,0.0,1.0,1.0,7.168642902374277,0,0,0.7714285714285715,0.7712418300653594,0.7712418300653595,0.5424836601307189,0.8104575163398693,0.6140150453094549,0.14582979679107666,0.3682088255882263
94,22,ArtifactReject_LS010,10,60,54,0.09999999999999998,1.0,1.0,7.168642902374277,0,0,0.8,0.8006535947712419,0.7999999999999999,0.6003262642740621,0.8366013071895425,0.6014792609636931,0.17959241952214922,0.3375125825405121
94,22,SoftWeight_noReject_LS010,10,60,60,0.0,0.6000000238418579,0.6000000238418579,7.168642902374277,0,0,0.7714285714285715,0.772875816993464,0.7712418300653594,0.5439739413680782,0.8431372549019608,0.5700206975124614,0.16948579209191456,0.31647631525993347
94,22,SAS-Cert-SoftAR-LS-v1.1,10,60,54,0.09999999999999998,0.5119774341583252,0.5688637495040894,7.168642902374277,0,0,0.7714285714285715,0.7712418300653594,0.7712418300653595,0.5424836601307189,0.8366013071895425,0.6027065207758086,0.16971813099724903,0.3329145610332489
94,23,NaiveAug_LS010,10,60,60,0.0,1.0,1.0,3.9624920129776022,0,0,0.6571428571428571,0.6552287581699346,0.6546052631578947,0.3114754098360655,0.7189542483660131,0.7486073885384303,0.22287562744958062,0.48171260952949524
94,23,ArtifactReject_LS010,10,60,54,0.09999999999999998,1.0,1.0,3.9624920129776022,0,0,0.7142857142857143,0.7107843137254902,0.7083333333333333,0.42434210526315785,0.7287581699346405,0.7972427395344612,0.22601568443434578,0.4664866328239441
94,23,SoftWeight_noReject_LS010,10,60,60,0.0,0.6000000238418579,0.6000000238418579,3.9624920129776022,0,0,0.6857142857142857,0.6830065359477124,0.6815550041356493,0.367816091954023,0.7352941176470589,0.7578074359588554,0.1905830144882202,0.44211071729660034
94,23,SAS-Cert-SoftAR-LS-v1.1,10,60,54,0.09999999999999998,0.5555932521820068,0.6173258423805237,3.9624920129776022,0,0,0.7142857142857143,0.7107843137254902,0.7083333333333333,0.42434210526315785,0.7222222222222222,0.8078721888995821,0.21999296120234896,0.4661533236503601
94,24,NaiveAug_LS010,10,60,60,0.0,1.0,1.0,1.7829867959022523,0,0,0.7142857142857143,0.7205882352941176,0.7023809523809526,0.435483870967742,0.8529411764705881,0.8999159620541081,0.2933941006660461,0.4947855770587921
94,24,ArtifactReject_LS010,10,60,54,0.09999999999999998,1.0,1.0,1.7829867959022523,0,0,0.6571428571428571,0.6617647058823529,0.6499999999999999,0.3203883495145632,0.8169934640522876,0.9057614011292726,0.23340108394622802,0.515251100063324
94,24,SoftWeight_noReject_LS010,10,60,60,0.0,0.6000000834465027,0.6000000834465027,1.7829867959022523,0,0,0.7428571428571429,0.7483660130718954,0.7350714886459209,0.4911147011308562,0.8660130718954248,0.7846175461503867,0.1961800728525434,0.43459564447402954
94,24,SAS-Cert-SoftAR-LS-v1.1,10,60,54,0.09999999999999998,0.5250847339630127,0.5834274888038635,1.7829867959022523,0,0,0.7142857142857143,0.7205882352941176,0.7023809523809526,0.435483870967742,0.849673202614379,0.8753573521455004,0.23281192779541013,0.481039822101593
95,20,NaiveAug_LS010,10,60,60,0.0,1.0,1.0,3.60443856716156,0,0,0.6,0.5947712418300654,0.5833333333333333,0.1914191419141914,0.7026143790849674,0.8255163548812097,0.2662779058728899,0.5634792447090149
95,20,ArtifactReject_LS010,10,60,54,0.09999999999999998,1.0,1.0,3.60443856716156,0,0,0.5714285714285714,0.5637254901960784,0.5333333333333334,0.12935323383084574,0.7320261437908497,0.9244542668832858,0.2773464126246316,0.5877945423126221
95,20,SoftWeight_noReject_LS010,10,60,60,0.0,0.6000000238418579,0.6000000238418579,3.60443856716156,0,0,0.5714285714285714,0.5686274509803921,0.56575682382134,0.13793103448275856,0.7124183006535948,0.7729670862429121,0.26597640642098014,0.5386947393417358
95,20,SAS-Cert-SoftAR-LS-v1.1,10,60,54,0.09999999999999998,0.5499435663223267,0.6110484004020691,3.60443856716156,0,0,0.5714285714285714,0.5637254901960784,0.5333333333333334,0.12935323383084574,0.7418300653594772,0.8856056665307068,0.2757139759404319,0.5766916275024414
95,21,NaiveAug_LS010,10,60,60,0.0,1.0,1.0,4.705558395385744,0,0,0.6571428571428571,0.6584967320261439,0.6568627450980393,0.3159609120521173,0.7679738562091504,0.8794166372441204,0.23777845076152254,0.5006204843521118
95,21,ArtifactReject_LS010,10,60,54,0.09999999999999998,1.0,1.0,4.705558395385744,0,0,0.6857142857142857,0.6862745098039216,0.6857142857142857,0.3719412724306689,0.7712418300653595,0.8698906734358982,0.26703251344817025,0.486449658870697
95,21,SoftWeight_noReject_LS010,10,60,60,0.0,0.6000000238418579,0.6000000238418579,4.705558395385744,0,0,0.7142857142857143,0.7140522875816994,0.7140522875816994,0.4281045751633986,0.7549019607843137,0.9012196469686129,0.2642459852354867,0.5133581161499023
95,21,SAS-Cert-SoftAR-LS-v1.1,10,60,54,0.09999999999999998,0.5273447036743164,0.585938572883606,4.705558395385744,0,0,0.6857142857142857,0.6862745098039216,0.6857142857142857,0.3719412724306689,0.7549019607843137,0.8944229922785977,0.2458037052835737,0.4985244870185852
95,22,NaiveAug_LS010,10,60,60,0.0,1.0,1.0,2.104057312011719,0,0,0.6571428571428571,0.6633986928104575,0.6428571428571428,0.32258064516129037,0.7026143790849673,0.7888565812512011,0.19148192405700684,0.4775059223175049
95,22,ArtifactReject_LS010,10,60,54,0.09999999999999998,1.0,1.0,2.104057312011719,0,0,0.6857142857142857,0.6928104575163399,0.6683893195521102,0.38003220611916266,0.6928104575163399,0.8614789024544542,0.25515480722699846,0.5012655258178711
95,22,SoftWeight_noReject_LS010,10,60,60,0.0,0.6000000238418579,0.6000000238418579,2.104057312011719,0,0,0.6571428571428571,0.6633986928104575,0.6428571428571428,0.32258064516129037,0.6830065359477124,0.7982569120159231,0.1961584082671574,0.5004657506942749
95,22,SAS-Cert-SoftAR-LS-v1.1,10,60,54,0.09999999999999998,0.5298305153846741,0.5887005925178528,2.104057312011719,0,0,0.6857142857142857,0.6928104575163399,0.6683893195521102,0.38003220611916266,0.6993464052287581,0.8142821308424815,0.18444843207086836,0.4815784990787506
95,23,NaiveAug_LS010,10,60,60,0.0,1.0,1.0,3.619661784172058,0,0,0.7142857142857143,0.7173202614379085,0.712171052631579,0.4318181818181819,0.7777777777777778,0.8570175325454434,0.23565174298627034,0.43824243545532227
95,23,ArtifactReject_LS010,10,60,54,0.09999999999999998,1.0,1.0,3.619661784172058,0,0,0.6857142857142857,0.6895424836601307,0.6815550041356493,0.37601296596434364,0.7549019607843137,0.9556128252099573,0.22798765812601363,0.4800933301448822
95,23,SoftWeight_noReject_LS010,10,60,60,0.0,0.6000000238418579,0.6000000238418579,3.619661784172058,0,0,0.7142857142857143,0.7173202614379085,0.712171052631579,0.4318181818181819,0.761437908496732,0.8720865457683215,0.242928158385413,0.46115416288375854
95,23,SAS-Cert-SoftAR-LS-v1.1,10,60,54,0.09999999999999998,0.5205649733543396,0.578405499458313,3.619661784172058,0,0,0.6857142857142857,0.6895424836601307,0.6815550041356493,0.37601296596434364,0.7516339869281046,0.950998582816594,0.21337235059056964,0.4828108251094818
95,24,NaiveAug_LS010,10,60,60,0.0,1.0,1.0,2.5514440536499023,0,0,0.7428571428571429,0.7401960784313726,0.7394540942928038,0.48275862068965514,0.826797385620915,0.7151183887308286,0.19198694910321917,0.4277208149433136
95,24,ArtifactReject_LS010,10,60,54,0.09999999999999998,1.0,1.0,2.5514440536499023,0,0,0.7428571428571429,0.7401960784313726,0.7394540942928038,0.48275862068965514,0.8529411764705883,0.6888611696943662,0.19172184978212628,0.3943207561969757
95,24,SoftWeight_noReject_LS010,10,60,60,0.0,0.6000000238418579,0.6000000238418579,2.5514440536499023,0,0,0.7428571428571429,0.7401960784313726,0.7394540942928038,0.48275862068965514,0.8366013071895425,0.6567642707405408,0.16887304271970477,0.3946040868759155
95,24,SAS-Cert-SoftAR-LS-v1.1,10,60,54,0.09999999999999998,0.5280225872993469,0.5866917967796326,2.5514440536499023,0,0,0.7142857142857143,0.7124183006535948,0.7121710526315789,0.42622950819672123,0.8398692810457516,0.7011093865603615,0.19805793336459565,0.4109283983707428
96,20,NaiveAug_LS010,10,60,60,0.0,1.0,1.0,3.4011096000671386,0,0,0.8,0.7990196078431373,0.7993447993447994,0.5990180032733223,0.8954248366013071,0.43064993271901103,0.17497682571411133,0.28968048095703125
96,20,ArtifactReject_LS010,10,60,54,0.09999999999999998,1.0,1.0,3.4011096000671386,0,0,0.7714285714285715,0.7696078431372549,0.7697368421052632,0.540983606557377,0.892156862745098,0.4189576225479589,0.12460409062249318,0.28686392307281494
96,20,SoftWeight_noReject_LS010,10,60,60,0.0,0.6000000834465027,0.6000000834465027,3.4011096000671386,0,0,0.8,0.7990196078431373,0.7993447993447994,0.5990180032733223,0.888888888888889,0.4183756787143851,0.14221463458878653,0.28723716735839844
96,20,SAS-Cert-SoftAR-LS-v1.1,10,60,54,0.09999999999999998,0.535480260848999,0.5949779748916626,3.4011096000671386,0,0,0.7714285714285715,0.7696078431372549,0.7697368421052632,0.540983606557377,0.8954248366013072,0.4167091206906054,0.12013333354677473,0.28206267952919006
96,21,NaiveAug_LS010,10,60,60,0.0,1.0,1.0,2.2646364688873293,0,0,0.7428571428571429,0.7434640522875817,0.7428571428571428,0.48613376835236544,0.7777777777777778,0.5960742186223514,0.15123677253723145,0.39171701669692993
96,21,ArtifactReject_LS010,10,60,54,0.09999999999999998,1.0,1.0,2.2646364688873293,0,0,0.6571428571428571,0.6584967320261439,0.6568627450980393,0.3159609120521173,0.7254901960784313,0.7125782419319476,0.19810903327805654,0.46494194865226746
96,21,SoftWeight_noReject_LS010,10,60,60,0.0,0.6000000238418579,0.6000000238418579,2.2646364688873293,0,0,0.6857142857142857,0.6879084967320261,0.6846846846846847,0.3739837398373984,0.7287581699346406,0.6727724614103865,0.1241357215813228,0.43800508975982666
96,21,SAS-Cert-SoftAR-LS-v1.1,10,60,54,0.09999999999999998,0.5119774341583252,0.5688637495040894,2.2646364688873293,0,0,0.6857142857142857,0.6879084967320261,0.6846846846846847,0.3739837398373984,0.738562091503268,0.6794757113499003,0.16918842962809974,0.43889856338500977
96,22,NaiveAug_LS010,10,60,60,0.0,1.0,1.0,4.403385972976685,0,0,0.8285714285714286,0.826797385620915,0.8273026315789473,0.6557377049180327,0.9052287581699346,0.41676180062583296,0.10709003720964703,0.2688623070716858
96,22,ArtifactReject_LS010,10,60,54,0.09999999999999998,1.0,1.0,4.403385972976685,0,0,0.8285714285714286,0.826797385620915,0.8273026315789473,0.6557377049180327,0.9248366013071895,0.39550209673812226,0.11496679953166418,0.25507187843322754
96,22,SoftWeight_noReject_LS010,10,60,60,0.0,0.6000000238418579,0.6000000238418579,4.403385972976685,0,0,0.8285714285714286,0.826797385620915,0.8273026315789473,0.6557377049180327,0.9215686274509804,0.38643540333336357,0.1480076125689915,0.246052086353302
96,22,SAS-Cert-SoftAR-LS-v1.1,10,60,54,0.09999999999999998,0.5368362069129944,0.5964846014976501,4.403385972976685,0,0,0.8285714285714286,0.826797385620915,0.8273026315789473,0.6557377049180327,0.892156862745098,0.4280161837933146,0.10120209881237574,0.270235538482666
96,23,NaiveAug_LS010,10,60,60,0.0,1.0,1.0,3.14690797328949,0,0,0.8285714285714286,0.8251633986928104,0.8250000000000001,0.6546052631578947,0.9084967320261439,0.45779766650546716,0.09936026590211051,0.25496894121170044
96,23,ArtifactReject_LS010,10,60,54,0.09999999999999998,1.0,1.0,3.14690797328949,0,0,0.8,0.7957516339869282,0.7939444911690496,0.5963756177924218,0.911764705882353,0.457442616324981,0.11067381416048322,0.26028019189834595
96,23,SoftWeight_noReject_LS010,10,60,60,0.0,0.6000000238418579,0.6000000238418579,3.14690797328949,0,0,0.8571428571428571,0.8545751633986928,0.8552522746071134,0.7126436781609196,0.9150326797385621,0.41422596402737877,0.09287165573665074,0.2306397557258606
96,23,SAS-Cert-SoftAR-LS-v1.1,10,60,54,0.09999999999999998,0.5257626175880432,0.5841807723045349,3.14690797328949,0,0,0.8,0.7957516339869282,0.7939444911690496,0.5963756177924218,0.9183006535947713,0.4348282526973635,0.09816990665027073,0.24694663286209106
96,24,NaiveAug_LS010,10,60,60,0.0,1.0,1.0,3.2373074054718054,0,0,0.6857142857142857,0.6895424836601307,0.6815550041356493,0.37601296596434364,0.8660130718954249,0.5459094488488133,0.17349740777696881,0.37075600028038025
96,24,ArtifactReject_LS010,10,60,54,0.09999999999999998,1.0,1.0,3.2373074054718054,0,0,0.7142857142857143,0.7173202614379085,0.712171052631579,0.4318181818181819,0.8660130718954249,0.5440780310701863,0.20250527518136163,0.37745562195777893
96,24,SoftWeight_noReject_LS010,10,60,60,0.0,0.6000000238418579,0.6000000238418579,3.2373074054718054,0,0,0.7428571428571429,0.7450980392156863,0.7420147420147419,0.4878048780487805,0.869281045751634,0.4991637764119587,0.1372669058186667,0.34046754240989685
96,24,SAS-Cert-SoftAR-LS-v1.1,10,60,54,0.09999999999999998,0.554463267326355,0.6160702705383301,3.2373074054718054,0,0,0.7142857142857143,0.7189542483660131,0.7083333333333334,0.43365695792880266,0.869281045751634,0.5594928872535141,0.13725798300334385,0.38055741786956787
97,20,NaiveAug_LS010,10,60,60,0.0,1.0,1.0,3.048160004615784,0,0,0.6285714285714286,0.6241830065359477,0.6173254835996635,0.25041186161449747,0.7189542483660131,0.9603184371387111,0.3131340163094657,0.5193332433700562
97,20,ArtifactReject_LS010,10,60,54,0.09999999999999998,1.0,1.0,3.048160004615784,0,0,0.6571428571428571,0.6535947712418301,0.6499999999999999,0.3092105263157894,0.7581699346405228,0.8901992544740581,0.22757198299680437,0.49056190252304077
97,20,SoftWeight_noReject_LS010,10,60,60,0.0,0.6000000238418579,0.6000000238418579,3.048160004615784,0,0,0.6857142857142857,0.6797385620915033,0.6683893195521102,0.36363636363636365,0.7124183006535948,1.0080453102230829,0.27894379922321866,0.5130558609962463
97,20,SAS-Cert-SoftAR-LS-v1.1,10,60,54,0.09999999999999998,0.5461016893386841,0.6067796349525452,3.048160004615784,0,0,0.6571428571428571,0.6535947712418301,0.6499999999999999,0.3092105263157894,0.741830065359477,0.9105654370166651,0.21449003730501448,0.4919864535331726
97,21,NaiveAug_LS010,10,60,60,0.0,1.0,1.0,4.109598827362061,0,0,0.6857142857142857,0.6862745098039216,0.6857142857142857,0.3719412724306689,0.738562091503268,0.9212574631449458,0.2609132077012743,0.5071306228637695
97,21,ArtifactReject_LS010,10,60,54,0.09999999999999998,1.0,1.0,4.109598827362061,0,0,0.7142857142857143,0.7140522875816994,0.7140522875816994,0.4281045751633986,0.758169934640523,0.8973184693885591,0.2570225898708616,0.48841938376426697
97,21,SoftWeight_noReject_LS010,10,60,60,0.0,0.6000000238418579,0.6000000238418579,4.109598827362061,0,0,0.6571428571428571,0.6568627450980392,0.6568627450980392,0.3137254901960783,0.7385620915032679,0.9250749903876371,0.28004348703793114,0.5065510272979736
97,21,SAS-Cert-SoftAR-LS-v1.1,10,60,54,0.09999999999999998,0.554463267326355,0.6160702705383301,4.109598827362061,0,0,0.7142857142857143,0.7140522875816994,0.7140522875816994,0.4281045751633986,0.758169934640523,0.8732093546231582,0.24741371188844954,0.48680174350738525
97,22,NaiveAug_LS010,10,60,60,0.0,1.0,1.0,2.167258620262146,0,0,0.7428571428571429,0.7369281045751634,0.7286821705426357,0.47933884297520657,0.7679738562091504,0.9465610624869488,0.20332079444612774,0.43854886293411255
97,22,ArtifactReject_LS010,10,60,54,0.09999999999999998,1.0,1.0,2.167258620262146,0,0,0.7142857142857143,0.707516339869281,0.694055944055944,0.42052980132450324,0.7777777777777778,0.9498997097961764,0.19546062179974147,0.4402347803115845
97,22,SoftWeight_noReject_LS010,10,60,60,0.0,0.6000000834465027,0.6000000834465027,2.167258620262146,0,0,0.6857142857142857,0.6781045751633987,0.6577777777777778,0.3615257048092869,0.7679738562091504,0.9913713755620216,0.25048652206148425,0.45183658599853516
97,22,SAS-Cert-SoftAR-LS-v1.1,10,60,54,0.09999999999999998,0.553559422492981,0.6150659918785095,2.167258620262146,0,0,0.7428571428571429,0.7369281045751634,0.7286821705426357,0.47933884297520657,0.7777777777777778,0.9261230519832578,0.21222852127892633,0.43328842520713806
97,23,NaiveAug_LS010,10,60,60,0.0,1.0,1.0,4.854032897949221,0,0,0.6285714285714286,0.630718954248366,0.6273546273546273,0.26016260162601634,0.7450980392156863,0.8070015374195075,0.25788338524954657,0.5102483630180359
97,23,ArtifactReject_LS010,10,60,54,0.09999999999999998,1.0,1.0,4.854032897949221,0,0,0.7142857142857143,0.7156862745098038,0.7140522875816994,0.4299674267100978,0.7745098039215687,0.6684062135503299,0.21828758205686294,0.44813790917396545
97,23,SoftWeight_noReject_LS010,10,60,60,0.0,0.6000000238418579,0.6000000238418579,4.854032897949221,0,0,0.6571428571428571,0.6601307189542484,0.6546052631578948,0.31818181818181823,0.7810457516339869,0.7725583988898068,0.24035759951387134,0.47685229778289795
97,23,SAS-Cert-SoftAR-LS-v1.1,10,60,54,0.09999999999999998,0.544971764087677,0.6055241823196411,4.854032897949221,0,0,0.6857142857142857,0.6879084967320261,0.6846846846846847,0.3739837398373984,0.7843137254901961,0.6455390835059612,0.18145937834467205,0.4291141629219055
97,24,NaiveAug_LS010,10,60,60,0.0,1.0,1.0,5.478212308883667,0,0,0.7714285714285715,0.7696078431372549,0.7697368421052632,0.540983606557377,0.8431372549019608,0.5890692290889606,0.16802419253758022,0.3649841547012329
97,24,ArtifactReject_LS010,10,60,54,0.09999999999999998,1.0,1.0,5.478212308883667,0,0,0.7714285714285715,0.7696078431372549,0.7697368421052632,0.540983606557377,0.803921568627451,0.6180538051894886,0.17631906952176776,0.3913138806819916
97,24,SoftWeight_noReject_LS010,10,60,60,0.0,0.6000000834465027,0.6000000834465027,5.478212308883667,0,0,0.7428571428571429,0.7418300653594772,0.7420147420147419,0.4844517184942716,0.8496732026143791,0.5693097335677629,0.1341405817440578,0.3549003303050995
97,24,SAS-Cert-SoftAR-LS-v1.1,10,60,54,0.09999999999999998,0.5427118539810181,0.6030131578445435,5.478212308883667,0,0,0.7714285714285715,0.7696078431372549,0.7697368421052632,0.540983606557377,0.8006535947712419,0.6041121132231493,0.16786264606884546,0.3819695711135864
98,20,NaiveAug_LS010,10,60,60,0.0,1.0,1.0,1.885239267349243,0,0,0.5714285714285714,0.5637254901960784,0.5333333333333334,0.12935323383084574,0.6862745098039216,1.4365715702652284,0.30873629195349556,0.669339656829834
98,20,ArtifactReject_LS010,10,60,54,0.09999999999999998,1.0,1.0,1.885239267349243,0,0,0.6,0.5931372549019608,0.5716783216783217,0.1887417218543046,0.6797385620915033,1.4395701338240317,0.3224490591457912,0.6426181197166443
98,20,SoftWeight_noReject_LS010,10,60,60,0.0,0.6000000238418579,0.6000000238418579,1.885239267349243,0,0,0.5714285714285714,0.5637254901960784,0.5333333333333334,0.12935323383084574,0.6895424836601307,1.3698887816922516,0.2950141174452645,0.6370744705200195
98,20,SAS-Cert-SoftAR-LS-v1.1,10,60,54,0.09999999999999998,0.5311864614486694,0.5902071595191956,1.885239267349243,0,0,0.6,0.5931372549019608,0.5716783216783217,0.1887417218543046,0.6764705882352942,1.3727802562754465,0.2915287681988307,0.6344524025917053
98,21,NaiveAug_LS010,10,60,60,0.0,1.0,1.0,1.969250452518463,0,0,0.5428571428571428,0.5375816993464052,0.5238095238095237,0.07590759075907583,0.5784313725490196,1.15917740116073,0.30159292221069334,0.622503936290741
98,21,ArtifactReject_LS010,10,60,54,0.09999999999999998,1.0,1.0,1.969250452518463,0,0,0.6,0.5980392156862745,0.5970394736842105,0.19672131147540972,0.6045751633986928,1.0647369605961392,0.3244215543781008,0.6228938698768616
98,21,SoftWeight_noReject_LS010,10,60,60,0.0,0.6000000834465027,0.6000000834465027,1.969250452518463,0,0,0.4857142857142857,0.488562091503268,0.48190789473684215,-0.022727272727272707,0.5849673202614379,1.1377576812705479,0.32999429958207266,0.6886365413665771
98,21,SAS-Cert-SoftAR-LS-v1.1,10,60,54,0.09999999999999998,0.5390960574150085,0.5989956259727478,1.969250452518463,0,0,0.5714285714285714,0.5686274509803921,0.56575682382134,0.13793103448275856,0.5915032679738561,1.074334417847267,0.3444169981139047,0.6361693739891052
98,22,NaiveAug_LS010,10,60,60,0.0,1.0,1.0,2.807074499130249,0,0,0.6285714285714286,0.6323529411764706,0.6236559139784947,0.2625607779578607,0.6993464052287581,0.8638623948029179,0.24262254834175112,0.5312730669975281
98,22,ArtifactReject_LS010,10,60,54,0.09999999999999998,1.0,1.0,2.807074499130249,0,0,0.6285714285714286,0.6323529411764706,0.6236559139784947,0.2625607779578607,0.6928104575163399,0.8793360072564894,0.22023500970431734,0.5300900936126709
98,22,SoftWeight_noReject_LS010,10,60,60,0.0,0.6000000834465027,0.6000000834465027,2.807074499130249,0,0,0.6571428571428571,0.6601307189542484,0.6546052631578948,0.31818181818181823,0.6797385620915033,0.8097021833526833,0.2351514663015093,0.5141687393188477
98,22,SAS-Cert-SoftAR-LS-v1.1,10,60,54,0.09999999999999998,0.5239548087120056,0.5821719765663147,2.807074499130249,0,0,0.6,0.6045751633986928,0.5916666666666667,0.20711974110032372,0.7058823529411764,0.8373360538263527,0.21532748000962396,0.517816960811615
98,23,NaiveAug_LS010,10,60,60,0.0,1.0,1.0,1.680171573162079,0,0,0.4,0.4035947712418301,0.39205955334987597,-0.19124797406807126,0.4477124183006536,1.1259938446950932,0.38552289519991195,0.8006042838096619
98,23,ArtifactReject_LS010,10,60,54,0.09999999999999998,1.0,1.0,1.680171573162079,0,0,0.37142857142857144,0.37254901960784315,0.3709150326797386,-0.2540716612377849,0.43137254901960786,1.1025400305053057,0.4261746253286089,0.7939234972000122
98,23,SoftWeight_noReject_LS010,10,60,60,0.0,0.6000000834465027,0.6000000834465027,1.680171573162079,0,0,0.37142857142857144,0.3741830065359477,0.3667763157894737,-0.25,0.43790849673202614,1.1156347653759435,0.4068659245967865,0.8054254055023193
98,23,SAS-Cert-SoftAR-LS-v1.1,10,60,54,0.09999999999999998,0.5151412487030029,0.5723791718482971,1.680171573162079,0,0,0.34285714285714286,0.3431372549019608,0.34285714285714286,-0.3132137030995106,0.4248366013071896,1.133701478925401,0.43638292253017424,0.8110524415969849
98,24,NaiveAug_LS010,10,60,60,0.0,1.0,1.0,2.9167636156082155,0,0,0.5714285714285714,0.5718954248366013,0.5714285714285715,0.14355628058727576,0.6601307189542485,1.1014100096236408,0.3401274936539786,0.5927631258964539
98,24,ArtifactReject_LS010,10,60,54,0.09999999999999998,1.0,1.0,2.9167636156082155,0,0,0.5714285714285714,0.5718954248366013,0.5714285714285715,0.14355628058727576,0.6568627450980392,1.1367035677486974,0.29041645782334463,0.6131455302238464
98,24,SoftWeight_noReject_LS010,10,60,60,0.0,0.6000000238418579,0.6000000238418579,2.9167636156082155,0,0,0.6,0.6013071895424837,0.5996732026143792,0.2019543973941369,0.673202614379085,1.1881650892015478,0.3266136974096298,0.6465957164764404
98,24,SAS-Cert-SoftAR-LS-v1.1,10,60,54,0.09999999999999998,0.5309604406356812,0.5899559855461121,2.9167636156082155,0,0,0.5714285714285714,0.5718954248366013,0.5714285714285715,0.14355628058727576,0.6633986928104576,1.1062904817014094,0.325364089012146,0.602142870426178
99,20,NaiveAug_LS010,10,60,60,0.0,1.0,1.0,2.5212353944778445,0,0,0.6285714285714286,0.6290849673202614,0.6285714285714287,0.2577487765089723,0.7222222222222222,0.934169233098002,0.2572920892919813,0.5423607230186462
99,20,ArtifactReject_LS010,10,60,54,0.09999999999999998,1.0,1.0,2.5212353944778445,0,0,0.6571428571428571,0.6568627450980392,0.6568627450980392,0.3137254901960783,0.7156862745098038,0.9421709584568556,0.2839259028434753,0.5432092547416687
99,20,SoftWeight_noReject_LS010,10,60,60,0.0,0.5999999642372131,0.5999999642372131,2.5212353944778445,0,0,0.6,0.5980392156862745,0.5970394736842105,0.19672131147540972,0.7189542483660131,0.9113307074365866,0.2551679772990091,0.5358517169952393
99,20,SAS-Cert-SoftAR-LS-v1.1,10,60,54,0.09999999999999998,0.535480260848999,0.5949780344963074,2.5212353944778445,0,0,0.6285714285714286,0.6290849673202614,0.6285714285714287,0.2577487765089723,0.718954248366013,0.9391112682067355,0.27087794372013635,0.550204873085022
99,21,NaiveAug_LS010,10,60,60,0.0,1.0,1.0,4.233819770812988,0,0,0.4857142857142857,0.488562091503268,0.48190789473684215,-0.022727272727272707,0.5915032679738562,1.0714650169908884,0.35591059156826566,0.6934256553649902
99,21,ArtifactReject_LS010,10,60,54,0.09999999999999998,1.0,1.0,4.233819770812988,0,0,0.5142857142857142,0.5163398692810457,0.5126945126945126,0.0325203252032521,0.5947712418300654,1.0409614555783477,0.37526277303695676,0.6773650646209717
99,21,SoftWeight_noReject_LS010,10,60,60,0.0,0.6000000238418579,0.6000000238418579,4.233819770812988,0,0,0.5428571428571428,0.5473856209150327,0.5333333333333333,0.09385113268608425,0.5947712418300654,1.083156004979274,0.3453871692929949,0.6862729787826538
99,21,SAS-Cert-SoftAR-LS-v1.1,10,60,54,0.09999999999999998,0.5589830279350281,0.6210922598838806,4.233819770812988,0,0,0.5142857142857142,0.5163398692810457,0.5126945126945126,0.0325203252032521,0.6078431372549019,1.0496658100264984,0.3502167803900582,0.6814923882484436
99,22,NaiveAug_LS010,10,60,60,0.0,1.0,1.0,2.9065791606903075,0,0,0.5428571428571428,0.5457516339869282,0.5394736842105263,0.09090909090909094,0.5718954248366014,1.0612272093631017,0.29362121820449827,0.6559343338012695
99,22,ArtifactReject_LS010,10,60,54,0.09999999999999998,1.0,1.0,2.9065791606903075,0,0,0.5714285714285714,0.5751633986928104,0.56575682382134,0.14910858995137766,0.5588235294117647,1.069783960880196,0.27352432353155953,0.6582944393157959
99,22,SoftWeight_noReject_LS010,10,60,60,0.0,0.6000000238418579,0.6000000238418579,2.9065791606903075,0,0,0.5428571428571428,0.5457516339869282,0.5394736842105263,0.09090909090909094,0.565359477124183,1.0782440533712614,0.300191582100732,0.6658382415771484
99,22,SAS-Cert-SoftAR-LS-v1.1,10,60,54,0.09999999999999998,0.5467796921730042,0.6075329780578613,2.9065791606903075,0,0,0.5714285714285714,0.5751633986928104,0.56575682382134,0.14910858995137766,0.5588235294117647,1.0855345159365897,0.3163545250892639,0.6611286997795105
99,23,NaiveAug_LS010,10,60,60,0.0,1.0,1.0,2.2897071838378906,0,0,0.5714285714285714,0.5686274509803921,0.56575682382134,0.13793103448275856,0.5784313725490196,1.0104558876044292,0.3025620081595012,0.6569882035255432
99,23,ArtifactReject_LS010,10,60,54,0.09999999999999998,1.0,1.0,2.2897071838378906,0,0,0.5714285714285714,0.5686274509803921,0.56575682382134,0.13793103448275856,0.5555555555555556,1.0441856732927097,0.31840531570570807,0.6732385754585266
99,23,SoftWeight_noReject_LS010,10,60,60,0.0,0.6000000834465027,0.6000000834465027,2.2897071838378906,0,0,0.5714285714285714,0.5686274509803921,0.56575682382134,0.13793103448275856,0.5718954248366013,1.0169249734334969,0.2825444221496582,0.6555636525154114
99,23,SAS-Cert-SoftAR-LS-v1.1,10,60,54,0.09999999999999998,0.5379660725593567,0.597740113735199,2.2897071838378906,0,0,0.5714285714285714,0.5686274509803921,0.56575682382134,0.13793103448275856,0.5555555555555556,1.0625842094901703,0.34674794801643916,0.6668247580528259
99,24,NaiveAug_LS010,10,60,60,0.0,1.0,1.0,2.2733728170394896,0,0,0.5714285714285714,0.576797385620915,0.5584524810765349,0.1518578352180937,0.6699346405228759,0.9133076091634573,0.28520138604300366,0.5737085342407227
99,24,ArtifactReject_LS010,10,60,54,0.09999999999999998,1.0,1.0,2.2733728170394896,0,0,0.5428571428571428,0.5490196078431372,0.5238095238095238,0.09677419354838712,0.6666666666666666,1.0109014372046705,0.31917977035045625,0.6246836185455322
99,24,SoftWeight_noReject_LS010,10,60,60,0.0,0.6000000238418579,0.6000000238418579,2.2733728170394896,0,0,0.6285714285714286,0.6388888888888888,0.5790934320074006,0.272,0.6928104575163399,1.1962177873513324,0.2795851503099714,0.6270964741706848
99,24,SAS-Cert-SoftAR-LS-v1.1,10,60,54,0.09999999999999998,0.5411299467086792,0.601255476474762,2.2733728170394896,0,0,0.6,0.6062091503267973,0.5833333333333333,0.20967741935483875,0.6862745098039216,1.05217838200069,0.2921998381614685,0.6105455160140991
100,20,NaiveAug_LS010,10,60,60,0.0,1.0,1.0,2.455371952056885,0,0,0.8461538461538461,0.8461538461538461,0.8424242424242423,0.6923076923076923,0.9112426035502958,0.43482015780800326,0.15287599655298087,0.24786408245563507
100,20,ArtifactReject_LS010,10,60,54,0.09999999999999998,1.0,1.0,2.455371952056885,0,0,0.8461538461538461,0.8461538461538461,0.8424242424242423,0.6923076923076923,0.9112426035502958,0.44939838895476,0.13691536279825064,0.26891201734542847
100,20,SoftWeight_noReject_LS010,10,60,60,0.0,0.6000000834465027,0.6000000834465027,2.455371952056885,0,0,0.8461538461538461,0.8461538461538461,0.8424242424242423,0.6923076923076923,0.8757396449704141,0.4621553398723418,0.19540637043806222,0.27792733907699585
100,20,SAS-Cert-SoftAR-LS-v1.1,10,60,54,0.09999999999999998,0.5155931711196899,0.572881281375885,2.455371952056885,0,0,0.8461538461538461,0.8461538461538461,0.8424242424242423,0.6923076923076923,0.8994082840236687,0.4629571123978907,0.15024720705472505,0.28063294291496277
100,21,NaiveAug_LS010,10,60,60,0.0,1.0,1.0,2.7629215478897096,0,0,0.8461538461538461,0.8461538461538461,0.8424242424242423,0.6923076923076923,0.8994082840236687,0.5111227732103655,0.20604151028853196,0.3133687973022461
100,21,ArtifactReject_LS010,10,60,54,0.09999999999999998,1.0,1.0,2.7629215478897096,0,0,0.8461538461538461,0.8461538461538461,0.8424242424242423,0.6923076923076923,0.9230769230769231,0.4494901322123076,0.17128762832054725,0.2816033363342285
100,21,SoftWeight_noReject_LS010,10,60,60,0.0,0.5999999642372131,0.5999999642372131,2.7629215478897096,0,0,0.8461538461538461,0.8461538461538461,0.8424242424242423,0.6923076923076923,0.9053254437869823,0.46001985838839354,0.14437081951361436,0.28747642040252686
100,21,SAS-Cert-SoftAR-LS-v1.1,10,60,54,0.09999999999999998,0.5300564765930176,0.5889516472816467,2.7629215478897096,0,0,0.8461538461538461,0.8461538461538461,0.8424242424242423,0.6923076923076923,0.9289940828402367,0.4130729879499165,0.145561912885079,0.2689507007598877
100,22,NaiveAug_LS010,10,60,60,0.0,1.0,1.0,3.085300302505495,0,0,0.8076923076923077,0.8076923076923077,0.8003072196620584,0.6153846153846154,0.893491124260355,0.39469117929940106,0.15007475591622868,0.2750248908996582
100,22,ArtifactReject_LS010,10,60,54,0.09999999999999998,1.0,1.0,3.085300302505495,0,0,0.8461538461538461,0.8461538461538461,0.8424242424242423,0.6923076923076923,0.9467455621301775,0.3007760022627147,0.071089689548199,0.20023830235004425
100,22,SoftWeight_noReject_LS010,10,60,60,0.0,0.6000000238418579,0.6000000238418579,3.085300302505495,0,0,0.6923076923076923,0.6923076923076923,0.6904761904761905,0.3846153846153846,0.8639053254437871,0.40243153158684436,0.18047110392497137,0.2882498800754547
100,22,SAS-Cert-SoftAR-LS-v1.1,10,60,54,0.09999999999999998,0.5499436259269714,0.6110484004020691,3.085300302505495,0,0,0.8461538461538461,0.8461538461538461,0.8424242424242423,0.6923076923076923,0.9349112426035503,0.318729482911967,0.1424278456431169,0.21543651819229126
100,23,NaiveAug_LS010,10,60,60,0.0,1.0,1.0,3.6275273084640505,0,0,0.8846153846153846,0.8846153846153846,0.8844444444444444,0.7692307692307692,0.9644970414201184,0.21578481907037636,0.0574099261027116,0.14489920437335968
100,23,ArtifactReject_LS010,10,60,54,0.09999999999999998,1.0,1.0,3.6275273084640505,0,0,0.8076923076923077,0.8076923076923077,0.8074074074074074,0.6153846153846154,0.9644970414201184,0.26774910762060045,0.1771574845680824,0.18737541139125824
100,23,SoftWeight_noReject_LS010,10,60,60,0.0,0.6000000834465027,0.6000000834465027,3.6275273084640505,0,0,0.8846153846153846,0.8846153846153846,0.8830584707646177,0.7692307692307692,0.9644970414201184,0.34435313416392277,0.16945234055702504,0.2285792976617813
100,23,SAS-Cert-SoftAR-LS-v1.1,10,60,54,0.09999999999999998,0.5508474707603455,0.6120527982711792,3.6275273084640505,0,0,0.8076923076923077,0.8076923076923077,0.8074074074074074,0.6153846153846154,0.9644970414201184,0.26373435974163173,0.17924029781268197,0.18125155568122864
100,24,NaiveAug_LS010,10,60,60,0.0,1.0,1.0,3.408516430854799,0,0,0.8076923076923077,0.8076923076923077,0.8050974512743627,0.6153846153846154,0.9053254437869822,0.4523806469546691,0.10438841581344604,0.2918889820575714
100,24,ArtifactReject_LS010,10,60,54,0.09999999999999998,1.0,1.0,3.408516430854799,0,0,0.8076923076923077,0.8076923076923077,0.8050974512743627,0.6153846153846154,0.9230769230769231,0.3786975181291619,0.10299695455110991,0.25092601776123047
100,24,SoftWeight_noReject_LS010,10,60,60,0.0,0.6000000834465027,0.6000000834465027,3.408516430854799,0,0,0.8076923076923077,0.8076923076923077,0.8050974512743627,0.6153846153846154,0.9230769230769231,0.3923995667675942,0.11802151340704699,0.25547510385513306
100,24,SAS-Cert-SoftAR-LS-v1.1,10,60,54,0.09999999999999998,0.5580791234970093,0.6200878620147705,3.408516430854799,0,0,0.8076923076923077,0.8076923076923077,0.8050974512743627,0.6153846153846154,0.9171597633136095,0.38798803513527474,0.10552824345918803,0.2560058832168579
101,20,NaiveAug_LS010,10,60,60,0.0,1.0,1.0,1.6088403701782228,0,0,1.0,1.0,1.0,1.0,1.0,0.09278253634893482,0.08042642559323993,0.03740961104631424
101,20,ArtifactReject_LS010,10,60,54,0.09999999999999998,1.0,1.0,1.6088403701782228,0,0,1.0,1.0,1.0,1.0,1.0,0.08776410704200786,0.07655116660254342,0.03496338799595833
101,20,SoftWeight_noReject_LS010,10,60,60,0.0,0.6000000238418579,0.6000000238418579,1.6088403701782228,0,0,1.0,1.0,1.0,1.0,1.0,0.09547875353250557,0.08267508234296526,0.0391714908182621
101,20,SAS-Cert-SoftAR-LS-v1.1,10,60,54,0.09999999999999998,0.545423686504364,0.6060263514518738,1.6088403701782228,0,0,1.0,1.0,1.0,1.0,1.0,0.0793851173084558,0.07017941985811506,0.029409680515527725
101,21,NaiveAug_LS010,10,60,60,0.0,1.0,1.0,3.398339939117432,0,0,0.9428571428571428,0.9444444444444444,0.9428104575163399,0.8859934853420195,0.9934640522875817,0.19513296284863696,0.10299201692853654,0.10344573855400085
101,21,ArtifactReject_LS010,10,60,54,0.09999999999999998,1.0,1.0,3.398339939117432,0,0,0.8857142857142857,0.8872549019607843,0.8856209150326797,0.7719869706840391,0.957516339869281,0.2698506623464694,0.145161748783929,0.17030088603496552
101,21,SoftWeight_noReject_LS010,10,60,60,0.0,0.6000000834465027,0.6000000834465027,3.398339939117432,0,0,0.9428571428571428,0.9444444444444444,0.9428104575163399,0.8859934853420195,0.9967320261437909,0.17611681337402618,0.090224598135267,0.09241695702075958
101,21,SAS-Cert-SoftAR-LS-v1.1,10,60,54,0.09999999999999998,0.5246327519416809,0.5829253196716309,3.398339939117432,0,0,0.8857142857142857,0.8872549019607843,0.8856209150326797,0.7719869706840391,0.9477124183006536,0.292932989494193,0.13114353844097681,0.18894939124584198
101,22,NaiveAug_LS010,10,60,60,0.0,1.0,1.0,2.101427555084229,0,0,0.9428571428571428,0.9444444444444444,0.9428104575163399,0.8859934853420195,1.0,0.14896288896652626,0.0937818135534014,0.08337413519620895
101,22,ArtifactReject_LS010,10,60,54,0.09999999999999998,1.0,1.0,2.101427555084229,0,0,0.9428571428571428,0.9444444444444444,0.9428104575163399,0.8859934853420195,1.0,0.14956420217194033,0.10726008074624196,0.08506705611944199
101,22,SoftWeight_noReject_LS010,10,60,60,0.0,0.6000000834465027,0.6000000834465027,2.101427555084229,0,0,0.9428571428571428,0.9444444444444444,0.9428104575163399,0.8859934853420195,1.0,0.13692974890102014,0.0948493310383388,0.08389303833246231
101,22,SAS-Cert-SoftAR-LS-v1.1,10,60,54,0.09999999999999998,0.5341242551803589,0.5934714078903198,2.101427555084229,0,0,0.9428571428571428,0.9444444444444444,0.9428104575163399,0.8859934853420195,1.0,0.14909335039237764,0.06199653489249092,0.08602575212717056
101,23,NaiveAug_LS010,10,60,60,0.0,1.0,1.0,3.569762682914734,0,0,0.9428571428571428,0.9411764705882353,0.9424342105263158,0.8852459016393442,0.9771241830065359,0.1960666553472044,0.07417593002319336,0.10959617048501968
101,23,ArtifactReject_LS010,10,60,54,0.09999999999999998,1.0,1.0,3.569762682914734,0,0,0.9142857142857143,0.9133986928104575,0.914004914004914,0.8281505728314239,0.9738562091503268,0.21324810585630877,0.08240232467651366,0.12037709355354309
101,23,SoftWeight_noReject_LS010,10,60,60,0.0,0.6000000238418579,0.6000000238418579,3.569762682914734,0,0,0.9142857142857143,0.9133986928104575,0.914004914004914,0.8281505728314239,0.9640522875816993,0.2301842731313104,0.10677275657653809,0.12391491234302521
101,23,SAS-Cert-SoftAR-LS-v1.1,10,60,54,0.09999999999999998,0.5300564765930176,0.5889516472816467,3.569762682914734,0,0,0.9142857142857143,0.9133986928104575,0.914004914004914,0.8281505728314239,0.9640522875816993,0.23153275950266078,0.08158466390201023,0.12786172330379486
101,24,NaiveAug_LS010,10,60,60,0.0,1.0,1.0,2.9627492427825928,0,0,0.9428571428571428,0.9444444444444444,0.9428104575163399,0.8859934853420195,0.9705882352941176,0.21991106250592743,0.0848638926233564,0.11342751979827881
101,24,ArtifactReject_LS010,10,60,54,0.09999999999999998,1.0,1.0,2.9627492427825928,0,0,0.9428571428571428,0.9444444444444444,0.9428104575163399,0.8859934853420195,0.9738562091503268,0.2065915413011573,0.07524633066994803,0.10198406875133514
101,24,SoftWeight_noReject_LS010,10,60,60,0.0,0.6000000238418579,0.6000000238418579,2.9627492427825928,0,0,0.9428571428571428,0.9444444444444444,0.9428104575163399,0.8859934853420195,0.9771241830065359,0.20234172164896705,0.07300430876868111,0.10408902913331985
101,24,SAS-Cert-SoftAR-LS-v1.1,10,60,54,0.09999999999999998,0.5479095578193665,0.6087883710861206,2.9627492427825928,0,0,0.9428571428571428,0.9444444444444444,0.9428104575163399,0.8859934853420195,0.9705882352941175,0.1983350559804693,0.06949644599642073,0.10269895195960999
102,20,NaiveAug_LS010,10,60,60,0.0,1.0,1.0,3.47310717105866,0,0,0.7714285714285715,0.7761437908496732,0.7666666666666666,0.5469255663430421,0.7450980392156863,0.9233089709425554,0.23731843403407504,0.4461723864078522
102,20,ArtifactReject_LS010,10,60,54,0.09999999999999998,1.0,1.0,3.47310717105866,0,0,0.7428571428571429,0.7467320261437909,0.7394540942928041,0.48946515397082657,0.7549019607843137,0.9063928947706404,0.23708910260881694,0.4466361701488495
102,20,SoftWeight_noReject_LS010,10,60,60,0.0,0.6000000834465027,0.6000000834465027,3.47310717105866,0,0,0.7428571428571429,0.7483660130718954,0.7350714886459209,0.4911147011308562,0.7418300653594772,0.9651970053857691,0.20702964408057078,0.4505147635936737
102,20,SAS-Cert-SoftAR-LS-v1.1,10,60,54,0.09999999999999998,0.5402259826660156,0.6002510190010071,3.47310717105866,0,0,0.7428571428571429,0.7467320261437909,0.7394540942928041,0.48946515397082657,0.738562091503268,0.9131823810321903,0.26543880871364045,0.4471646845340729
102,21,NaiveAug_LS010,10,60,60,0.0,1.0,1.0,5.261763381958008,0,0,0.6285714285714286,0.6225490196078431,0.6080964685615848,0.2479338842975206,0.7254901960784313,1.0674705938259814,0.23942668863705224,0.5453886985778809
102,21,ArtifactReject_LS010,10,60,54,0.09999999999999998,1.0,1.0,5.261763381958008,0,0,0.5714285714285714,0.5637254901960784,0.5333333333333334,0.12935323383084574,0.7418300653594772,1.0721767414986945,0.2851534971169063,0.5618987679481506
102,21,SoftWeight_noReject_LS010,10,60,60,0.0,0.6000000834465027,0.6000000834465027,5.261763381958008,0,0,0.6,0.5931372549019608,0.5716783216783217,0.1887417218543046,0.6830065359477124,1.273007191161325,0.31326999408858164,0.6036233901977539
102,21,SAS-Cert-SoftAR-LS-v1.1,10,60,54,0.09999999999999998,0.539322018623352,0.5992466807365417,5.261763381958008,0,0,0.5714285714285714,0.5637254901960784,0.5333333333333334,0.12935323383084574,0.7287581699346406,1.1293679663072034,0.2921584597655705,0.5750462412834167
102,22,NaiveAug_LS010,10,60,60,0.0,1.0,1.0,3.017973518371582,0,0,0.6285714285714286,0.6323529411764706,0.6236559139784947,0.2625607779578607,0.7222222222222222,0.8013001903793824,0.23870248453957693,0.4862130880355835
102,22,ArtifactReject_LS010,10,60,54,0.09999999999999998,1.0,1.0,3.017973518371582,0,0,0.6285714285714286,0.6323529411764706,0.6236559139784947,0.2625607779578607,0.7418300653594772,0.7609663332137355,0.18033867733819142,0.4569844901561737
102,22,SoftWeight_noReject_LS010,10,60,60,0.0,0.6000000834465027,0.6000000834465027,3.017973518371582,0,0,0.5714285714285714,0.5784313725490196,0.5478036175710594,0.15458937198067635,0.718954248366013,0.8711269448398985,0.2577526926994324,0.5185523629188538
102,22,SAS-Cert-SoftAR-LS-v1.1,10,60,54,0.09999999999999998,0.5497176051139832,0.6107972264289856,3.017973518371582,0,0,0.6571428571428571,0.6584967320261439,0.6568627450980393,0.3159609120521173,0.761437908496732,0.7056151807249178,0.2089523353746959,0.4259280860424042
102,23,NaiveAug_LS010,10,60,60,0.0,1.0,1.0,6.682425403594977,0,0,0.6285714285714286,0.6356209150326797,0.6080964685615848,0.26731078904991956,0.6503267973856209,1.3555465794815742,0.28982022149222236,0.6022453308105469
102,23,ArtifactReject_LS010,10,60,54,0.09999999999999998,1.0,1.0,6.682425403594977,0,0,0.6,0.6062091503267973,0.5833333333333333,0.20967741935483875,0.6437908496732025,1.3745104946761941,0.3024208877767835,0.6037402749061584
102,23,SoftWeight_noReject_LS010,10,60,60,0.0,0.6000001430511475,0.6000001430511475,6.682425403594977,0,0,0.6857142857142857,0.6928104575163399,0.6683893195521102,0.38003220611916266,0.6535947712418301,1.3413168676806724,0.3021060023988996,0.575901210308075
102,23,SAS-Cert-SoftAR-LS-v1.1,10,60,54,0.09999999999999998,0.5257627367973328,0.5841807126998901,6.682425403594977,0,0,0.6,0.6062091503267973,0.5833333333333333,0.20967741935483875,0.6470588235294118,1.3640269568634957,0.2892626370702471,0.5927741527557373
102,24,NaiveAug_LS010,10,60,60,0.0,1.0,1.0,3.0303660869598392,0,0,0.22857142857142856,0.22875816993464052,0.22857142857142856,-0.5415986949429037,0.22875816993464054,1.9988425024183922,0.6164432949253491,1.146280288696289
102,24,ArtifactReject_LS010,10,60,54,0.09999999999999998,1.0,1.0,3.0303660869598392,0,0,0.2857142857142857,0.28431372549019607,0.2833742833742834,-0.43207855973813425,0.25816993464052285,1.8774624557353223,0.5593215559210096,1.0647271871566772
102,24,SoftWeight_noReject_LS010,10,60,60,0.0,0.6000000834465027,0.6000000834465027,3.0303660869598392,0,0,0.22857142857142856,0.22712418300653597,0.22604422604422603,-0.546644844517185,0.25816993464052285,1.8687093155750063,0.5978131809404919,1.1112117767333984
102,24,SAS-Cert-SoftAR-LS-v1.1,10,60,54,0.09999999999999998,0.5368362069129944,0.5964846611022949,3.0303660869598392,0,0,0.3142857142857143,0.3137254901960784,0.3137254901960784,-0.37254901960784337,0.2549019607843137,1.7697088024453613,0.5523034917456764,1.0610103607177734
103,20,NaiveAug_LS010,10,60,60,0.0,1.0,1.0,3.0800851345062257,0,0,0.7428571428571429,0.7418300653594772,0.7420147420147419,0.4844517184942716,0.7745098039215685,0.6891684138786652,0.19064835395131793,0.4364778399467468
103,20,ArtifactReject_LS010,10,60,54,0.09999999999999998,1.0,1.0,3.0800851345062257,0,0,0.7142857142857143,0.7124183006535948,0.7121710526315789,0.42622950819672123,0.7679738562091503,0.6954414066331276,0.24158767546926224,0.438973993062973
103,20,SoftWeight_noReject_LS010,10,60,60,0.0,0.6000000238418579,0.6000000238418579,3.0800851345062257,0,0,0.6857142857142857,0.6830065359477124,0.6815550041356493,0.367816091954023,0.7647058823529411,0.7053657557985252,0.2311134968485151,0.44416266679763794
103,20,SAS-Cert-SoftAR-LS-v1.1,10,60,54,0.09999999999999998,0.532090425491333,0.5912115573883057,3.0800851345062257,0,0,0.7428571428571429,0.7418300653594772,0.7420147420147419,0.4844517184942716,0.7679738562091503,0.6940894393306599,0.23214597105979923,0.4399362802505493
103,21,NaiveAug_LS010,10,60,60,0.0,1.0,1.0,2.886779832839966,0,0,0.6285714285714286,0.6225490196078431,0.6080964685615848,0.2479338842975206,0.6666666666666667,0.8504841492870846,0.23078000886099678,0.5147322416305542
103,21,ArtifactReject_LS010,10,60,54,0.09999999999999998,1.0,1.0,2.886779832839966,0,0,0.6285714285714286,0.6241830065359477,0.6173254835996635,0.25041186161449747,0.6797385620915033,0.7997880164888707,0.24200650709015983,0.49806153774261475
103,21,SoftWeight_noReject_LS010,10,60,60,0.0,0.6000000834465027,0.6000000834465027,2.886779832839966,0,0,0.6285714285714286,0.6258169934640523,0.6236559139784946,0.2528735632183907,0.6862745098039216,0.7639248928221065,0.2296816042491368,0.4894755780696869
103,21,SAS-Cert-SoftAR-LS-v1.1,10,60,54,0.09999999999999998,0.5167231559753418,0.5741368532180786,2.886779832839966,0,0,0.6571428571428571,0.6519607843137255,0.6428571428571428,0.30693069306930687,0.7058823529411764,0.7703503992409366,0.19667961427143643,0.4819527268409729
103,22,NaiveAug_LS010,10,60,60,0.0,1.0,1.0,3.823807406425476,0,0,0.6285714285714286,0.6274509803921569,0.6273546273546273,0.25531914893617014,0.7254901960784313,0.7690751236512583,0.23132945043700082,0.5051026940345764
103,22,ArtifactReject_LS010,10,60,54,0.09999999999999998,1.0,1.0,3.823807406425476,0,0,0.5714285714285714,0.5702614379084967,0.5700245700245701,0.1407528641571194,0.7156862745098039,0.693412273409899,0.3229935437440871,0.5088971257209778
103,22,SoftWeight_noReject_LS010,10,60,60,0.0,0.5999999642372131,0.5999999642372131,3.823807406425476,0,0,0.5714285714285714,0.5718954248366013,0.5714285714285715,0.14355628058727576,0.7222222222222222,0.7402547333634175,0.25756092837878636,0.5222082138061523
103,22,SAS-Cert-SoftAR-LS-v1.1,10,60,54,0.09999999999999998,0.5379660725593567,0.597740113735199,3.823807406425476,0,0,0.6,0.5980392156862745,0.5970394736842105,0.19672131147540972,0.696078431372549,0.7541136292246691,0.23573784317289076,0.5361679792404175
103,23,NaiveAug_LS010,10,60,60,0.0,1.0,1.0,3.613584089279175,0,0,0.6571428571428571,0.6584967320261439,0.6568627450980393,0.3159609120521173,0.7124183006535948,0.7434901579891042,0.2094638637134007,0.5076882243156433
103,23,ArtifactReject_LS010,10,60,54,0.09999999999999998,1.0,1.0,3.613584089279175,0,0,0.6571428571428571,0.6584967320261439,0.6568627450980393,0.3159609120521173,0.7352941176470588,0.7182038618937702,0.2159098105771201,0.483750581741333
103,23,SoftWeight_noReject_LS010,10,60,60,0.0,0.6000000238418579,0.6000000238418579,3.613584089279175,0,0,0.6571428571428571,0.6584967320261439,0.6568627450980393,0.3159609120521173,0.7549019607843137,0.7195025158632431,0.268288631098611,0.49751177430152893
103,23,SAS-Cert-SoftAR-LS-v1.1,10,60,54,0.09999999999999998,0.5214688777923584,0.5794098973274231,3.613584089279175,0,0,0.6285714285714286,0.6290849673202614,0.6285714285714287,0.2577487765089723,0.738562091503268,0.7094600431127133,0.27507271128041405,0.48532024025917053
103,24,NaiveAug_LS010,10,60,60,0.0,1.0,1.0,3.5130459070205706,0,0,0.6,0.6045751633986928,0.5916666666666667,0.20711974110032372,0.6993464052287581,0.7398502006716031,0.27642276287078854,0.5413323640823364
103,24,ArtifactReject_LS010,10,60,54,0.09999999999999998,1.0,1.0,3.5130459070205706,0,0,0.6571428571428571,0.6584967320261439,0.6568627450980393,0.3159609120521173,0.8137254901960784,0.5682662421392244,0.16835010988371713,0.4045330584049225
103,24,SoftWeight_noReject_LS010,10,60,60,0.0,0.6000000238418579,0.6000000238418579,3.5130459070205706,0,0,0.6285714285714286,0.6339869281045751,0.6173254835996635,0.2649434571890146,0.7189542483660131,0.7247802344194749,0.2797658784048898,0.526856541633606
103,24,SAS-Cert-SoftAR-LS-v1.1,10,60,54,0.09999999999999998,0.5596610307693481,0.6218456029891968,3.5130459070205706,0,0,0.6571428571428571,0.6584967320261439,0.6568627450980393,0.3159609120521173,0.8071895424836601,0.5726599845872405,0.21645176495824542,0.405606746673584
104,20,NaiveAug_LS010,10,60,60,0.0,1.0,1.0,2.741214680671692,0,0,0.78125,0.78125,0.7810361681329424,0.5625,0.85546875,0.46161403160165915,0.15615409333258867,0.3258616328239441
104,20,ArtifactReject_LS010,10,60,54,0.09999999999999998,1.0,1.0,2.741214680671692,0,0,0.71875,0.71875,0.7184750733137829,0.4375,0.85546875,0.5013534837783448,0.19254004396498203,0.3514419496059418
104,20,SoftWeight_noReject_LS010,10,60,60,0.0,0.6000000834465027,0.6000000834465027,2.741214680671692,0,0,0.71875,0.71875,0.716256157635468,0.4375,0.81640625,0.5667040449289902,0.20112953707575798,0.39467233419418335
104,20,SAS-Cert-SoftAR-LS-v1.1,10,60,54,0.09999999999999998,0.5164971351623535,0.5738856792449951,2.741214680671692,0,0,0.71875,0.71875,0.7184750733137829,0.4375,0.8515625,0.5214369421065651,0.18585203122347593,0.3597741723060608
104,21,NaiveAug_LS010,10,60,60,0.0,1.0,1.0,4.902530097961426,0,0,0.78125,0.78125,0.7793103448275862,0.5625,0.8125,0.7874269686066225,0.21655160561203957,0.41923820972442627
104,21,ArtifactReject_LS010,10,60,54,0.09999999999999998,1.0,1.0,4.902530097961426,0,0,0.6875,0.6875,0.6761133603238867,0.375,0.8203125,0.7924390536176185,0.22554579097777605,0.4353872537612915
104,21,SoftWeight_noReject_LS010,10,60,60,0.0,0.6000000238418579,0.6000000238418579,4.902530097961426,0,0,0.78125,0.78125,0.7810361681329424,0.5625,0.83984375,0.6789468978806982,0.17360522784292698,0.3542802929878235
104,21,SAS-Cert-SoftAR-LS-v1.1,10,60,54,0.09999999999999998,0.5264407396316528,0.5849341154098511,4.902530097961426,0,0,0.71875,0.71875,0.7117117117117117,0.4375,0.83203125,0.7560438715100242,0.20941407978534698,0.42339494824409485
104,22,NaiveAug_LS010,10,60,60,0.0,1.0,1.0,7.616357803344735,0,0,0.5625,0.5625,0.5333333333333333,0.125,0.7578125,0.9216626641073045,0.33714582212269306,0.5865784287452698
104,22,ArtifactReject_LS010,10,60,54,0.09999999999999998,1.0,1.0,7.616357803344735,0,0,0.5625,0.5625,0.5465587044534412,0.125,0.765625,0.8372930273731394,0.2969474862329662,0.5476061105728149
104,22,SoftWeight_noReject_LS010,10,60,60,0.0,0.6000000238418579,0.6000000238418579,7.616357803344735,0,0,0.5625,0.5625,0.5333333333333333,0.125,0.76171875,0.848551536289714,0.29365384858101606,0.5517701506614685
104,22,SAS-Cert-SoftAR-LS-v1.1,10,60,54,0.09999999999999998,0.5418079495429993,0.6020088195800781,7.616357803344735,0,0,0.625,0.625,0.6190476190476191,0.25,0.78515625,0.7507171089936148,0.23034088872373104,0.500196099281311
104,23,NaiveAug_LS010,10,60,60,0.0,1.0,1.0,3.0814549684524537,0,0,0.78125,0.78125,0.7810361681329424,0.5625,0.859375,0.5733862057863454,0.1306418776512146,0.3417465388774872
104,23,ArtifactReject_LS010,10,60,54,0.09999999999999998,1.0,1.0,3.0814549684524537,0,0,0.75,0.75,0.7490196078431373,0.5,0.8515625,0.5962811066341517,0.1447759671136737,0.3663129508495331
104,23,SoftWeight_noReject_LS010,10,60,60,0.0,0.6000000834465027,0.6000000834465027,3.0814549684524537,0,0,0.78125,0.78125,0.7810361681329424,0.5625,0.83984375,0.6184065711867467,0.21016781404614449,0.3704149127006531
104,23,SAS-Cert-SoftAR-LS-v1.1,10,60,54,0.09999999999999998,0.5180790424346924,0.5756433606147766,3.0814549684524537,0,0,0.78125,0.78125,0.7810361681329424,0.5625,0.83984375,0.6155902628169854,0.1802879674360156,0.37130099534988403
104,24,NaiveAug_LS010,10,60,60,0.0,1.0,1.0,4.447646617889404,0,0,0.78125,0.78125,0.7810361681329424,0.5625,0.80078125,0.7239376316468413,0.20003593154251575,0.39191871881484985
104,24,ArtifactReject_LS010,10,60,54,0.09999999999999998,1.0,1.0,4.447646617889404,0,0,0.625,0.625,0.6000000000000001,0.25,0.73046875,0.8633445334568984,0.22239195927977562,0.4964505136013031
104,24,SoftWeight_noReject_LS010,10,60,60,0.0,0.6000000238418579,0.6000000238418579,4.447646617889404,0,0,0.65625,0.65625,0.6532019704433498,0.3125,0.7734375,0.7748370708750004,0.21938894037157297,0.42334499955177307
104,24,SAS-Cert-SoftAR-LS-v1.1,10,60,54,0.09999999999999998,0.5352542400360107,0.5947269201278687,4.447646617889404,0,0,0.59375,0.59375,0.5901477832512315,0.1875,0.7421875,0.8243195966578347,0.2610367015004158,0.46862179040908813
105,20,NaiveAug_LS010,10,60,60,0.0,1.0,1.0,2.1676268100738527,0,0,0.9714285714285714,0.9705882352941176,0.9713349713349714,0.9427168576104746,0.9967320261437909,0.12695171632285468,0.08035140718732561,0.06644470989704132
105,20,ArtifactReject_LS010,10,60,54,0.09999999999999998,1.0,1.0,2.1676268100738527,0,0,0.9428571428571428,0.9428104575163399,0.9428104575163399,0.8856209150326797,0.9967320261437909,0.14177426439410168,0.11503231695720127,0.07609967142343521
105,20,SoftWeight_noReject_LS010,10,60,60,0.0,0.6000000238418579,0.6000000238418579,2.1676268100738527,0,0,0.9714285714285714,0.9722222222222222,0.9714285714285714,0.9429037520391517,0.9967320261437909,0.12165489983579417,0.07067834479468209,0.0634809285402298
105,20,SAS-Cert-SoftAR-LS-v1.1,10,60,54,0.09999999999999998,0.5424858927726746,0.6027621030807495,2.1676268100738527,0,0,0.9714285714285714,0.9722222222222222,0.9714285714285714,0.9429037520391517,0.9967320261437909,0.1400515207341551,0.08548253774642946,0.07474739849567413
105,21,NaiveAug_LS010,10,60,60,0.0,1.0,1.0,2.126729941368103,0,0,0.9142857142857143,0.9133986928104575,0.914004914004914,0.8281505728314239,0.9836601307189543,0.208983503242793,0.07202504873275757,0.119289331138134
105,21,ArtifactReject_LS010,10,60,54,0.09999999999999998,1.0,1.0,2.126729941368103,0,0,0.8857142857142857,0.8823529411764706,0.8833333333333333,0.7697368421052632,0.9738562091503268,0.28463012461747905,0.08029063940048217,0.17452800273895264
105,21,SoftWeight_noReject_LS010,10,60,60,0.0,0.6000000834465027,0.6000000834465027,2.126729941368103,0,0,0.8571428571428571,0.8529411764705883,0.8528174936921784,0.7116968698517299,0.9607843137254903,0.3333334265215909,0.08550934621265956,0.21122607588768005
105,21,SAS-Cert-SoftAR-LS-v1.1,10,60,54,0.09999999999999998,0.5307344198226929,0.5897049307823181,2.126729941368103,0,0,0.8857142857142857,0.8823529411764706,0.8833333333333333,0.7697368421052632,0.9705882352941178,0.29143825617022817,0.07136343717575072,0.17815588414669037
105,22,NaiveAug_LS010,10,60,60,0.0,1.0,1.0,2.117967939376831,0,0,0.7714285714285715,0.7745098039215685,0.769736842105263,0.5454545454545454,0.8366013071895425,0.4858048568724721,0.12412358266966682,0.32407841086387634
105,22,ArtifactReject_LS010,10,60,54,0.09999999999999998,1.0,1.0,2.117967939376831,0,0,0.7428571428571429,0.7467320261437909,0.7394540942928041,0.48946515397082657,0.8202614379084968,0.5658270685283853,0.13640572002955847,0.36298343539237976
105,22,SoftWeight_noReject_LS010,10,60,60,0.0,0.6000000238418579,0.6000000238418579,2.117967939376831,0,0,0.7714285714285715,0.7761437908496732,0.7666666666666666,0.5469255663430421,0.8104575163398693,0.5719082323042843,0.15358504567827497,0.3630135953426361
105,22,SAS-Cert-SoftAR-LS-v1.1,10,60,54,0.09999999999999998,0.541581928730011,0.6017577052116394,2.117967939376831,0,0,0.7428571428571429,0.7467320261437909,0.7394540942928041,0.48946515397082657,0.8104575163398693,0.585307937060101,0.18666214772633144,0.37076249718666077
105,23,NaiveAug_LS010,10,60,60,0.0,1.0,1.0,2.8905365943908694,0,0,0.8857142857142857,0.8839869281045751,0.8848684210526315,0.7704918032786885,0.9738562091503269,0.23905369442833643,0.07704010605812073,0.14636218547821045
105,23,ArtifactReject_LS010,10,60,54,0.09999999999999998,1.0,1.0,2.8905365943908694,0,0,0.8571428571428571,0.8545751633986928,0.8552522746071134,0.7126436781609196,0.9705882352941176,0.25324712755722073,0.06185593094144548,0.16099292039871216
105,23,SoftWeight_noReject_LS010,10,60,60,0.0,0.6000000238418579,0.6000000238418579,2.8905365943908694,0,0,0.8857142857142857,0.8823529411764706,0.8833333333333333,0.7697368421052632,0.9738562091503268,0.24887134746428424,0.07228690045220512,0.1566702276468277
105,23,SAS-Cert-SoftAR-LS-v1.1,10,60,54,0.09999999999999998,0.5214688777923584,0.5794098377227783,2.8905365943908694,0,0,0.8571428571428571,0.8545751633986928,0.8552522746071134,0.7126436781609196,0.9542483660130718,0.2704210146238679,0.1081405520439148,0.1745191216468811
105,24,NaiveAug_LS010,10,60,60,0.0,1.0,1.0,3.126158237457276,0,0,0.8857142857142857,0.8872549019607843,0.8856209150326797,0.7719869706840391,0.9803921568627452,0.21669359185492748,0.0847018003463745,0.13608479499816895
105,24,ArtifactReject_LS010,10,60,54,0.09999999999999998,1.0,1.0,3.126158237457276,0,0,0.8857142857142857,0.8872549019607843,0.8856209150326797,0.7719869706840391,0.9869281045751634,0.20376142626103932,0.08585118991988047,0.12327958643436432
105,24,SoftWeight_noReject_LS010,10,60,60,0.0,0.6000000238418579,0.6000000238418579,3.126158237457276,0,0,0.8857142857142857,0.8872549019607843,0.8856209150326797,0.7719869706840391,0.9803921568627452,0.24657079430734252,0.09294376373291016,0.14997994899749756
105,24,SAS-Cert-SoftAR-LS-v1.1,10,60,54,0.09999999999999998,0.5400000214576721,0.6000000238418579,3.126158237457276,0,0,0.8857142857142857,0.8872549019607843,0.8856209150326797,0.7719869706840391,0.9869281045751634,0.19913398905735358,0.08556569133486067,0.11766707897186279
106,20,NaiveAug_LS010,10,60,60,0.0,1.0,1.0,2.4791197061538695,0,0,0.7142857142857143,0.6973684210526316,0.6940559440559441,0.4067796610169492,0.7532894736842105,0.6831456607873455,0.1957429902894156,0.41053444147109985
106,20,ArtifactReject_LS010,10,60,54,0.09999999999999998,1.0,1.0,2.4791197061538695,0,0,0.7428571428571429,0.7286184210526316,0.7286821705426356,0.4688026981450253,0.7434210526315789,0.7191716136026833,0.22182811158044002,0.4288199543952942
106,20,SoftWeight_noReject_LS010,10,60,60,0.0,0.6000000834465027,0.6000000834465027,2.4791197061538695,0,0,0.7142857142857143,0.6973684210526316,0.6940559440559441,0.4067796610169492,0.7598684210526315,0.7154479747320148,0.1900883172239576,0.4200262725353241
106,20,SAS-Cert-SoftAR-LS-v1.1,10,60,54,0.09999999999999998,0.5194349884986877,0.5771499872207642,2.4791197061538695,0,0,0.7428571428571429,0.7286184210526316,0.7286821705426356,0.4688026981450253,0.743421052631579,0.6994933212620279,0.15633332388741628,0.4198395609855652
106,21,NaiveAug_LS010,10,60,60,0.0,1.0,1.0,4.586400556564337,0,0,0.6571428571428571,0.649671052631579,0.65,0.3023255813953488,0.7302631578947368,0.8111722131656663,0.165173362834113,0.44985198974609375
106,21,ArtifactReject_LS010,10,60,54,0.09999999999999998,1.0,1.0,4.586400556564337,0,0,0.6285714285714286,0.6233552631578947,0.6236559139784946,0.2479338842975206,0.736842105263158,0.7663733537341624,0.1884469151496887,0.4435301423072815
106,21,SoftWeight_noReject_LS010,10,60,60,0.0,0.5999999642372131,0.5999999642372131,4.586400556564337,0,0,0.6857142857142857,0.6858552631578947,0.6846846846846848,0.36988543371522087,0.7631578947368423,0.7053570119768311,0.16984971846852984,0.4273136854171753
106,21,SAS-Cert-SoftAR-LS-v1.1,10,60,54,0.09999999999999998,0.5167231559753418,0.5741367936134338,4.586400556564337,0,0,0.6571428571428571,0.649671052631579,0.65,0.3023255813953488,0.7401315789473684,0.7711058325189691,0.17306019408362253,0.44602927565574646
106,22,NaiveAug_LS010,10,60,60,0.0,1.0,1.0,2.2442315578460743,0,0,0.5714285714285714,0.5657894736842105,0.56575682382134,0.1322314049586777,0.5822368421052632,0.8282201514370878,0.30266825897353034,0.590818464756012
106,22,ArtifactReject_LS010,10,60,54,0.09999999999999998,1.0,1.0,2.2442315578460743,0,0,0.6285714285714286,0.618421052631579,0.6173254835996635,0.24040066777963265,0.631578947368421,0.799113342604262,0.22206418769700184,0.553415060043335
106,22,SoftWeight_noReject_LS010,10,60,60,0.0,0.6000000834465027,0.6000000834465027,2.2442315578460743,0,0,0.5714285714285714,0.5608552631578947,0.558452481076535,0.12353923205342232,0.6118421052631579,0.8274396263429618,0.3033359365803855,0.5881957411766052
106,22,SAS-Cert-SoftAR-LS-v1.1,10,60,54,0.09999999999999998,0.5264406800270081,0.5849340558052063,2.2442315578460743,0,0,0.6285714285714286,0.618421052631579,0.6173254835996635,0.24040066777963265,0.6217105263157895,0.8040504139205008,0.25719751715660094,0.5614293813705444
106,23,NaiveAug_LS010,10,60,60,0.0,1.0,1.0,3.0579006195068366,0,0,0.6857142857142857,0.6710526315789473,0.6683893195521102,0.3507588532883642,0.7236842105263158,0.8480362378849625,0.21622749567031863,0.4623683989048004
106,23,ArtifactReject_LS010,10,60,54,0.09999999999999998,1.0,1.0,3.0579006195068366,0,0,0.5714285714285714,0.5608552631578947,0.558452481076535,0.12353923205342232,0.5888157894736843,1.1849553825064807,0.2878737415586199,0.6267525553703308
106,23,SoftWeight_noReject_LS010,10,60,60,0.0,0.6000000834465027,0.6000000834465027,3.0579006195068366,0,0,0.7142857142857143,0.7072368421052632,0.7083333333333334,0.41860465116279066,0.6907894736842105,0.9170438388378953,0.23655505861554826,0.5010332465171814
106,23,SAS-Cert-SoftAR-LS-v1.1,10,60,54,0.09999999999999998,0.5429378747940063,0.6032642722129822,3.0579006195068366,0,0,0.5428571428571428,0.5296052631578947,0.5238095238095238,0.06040268456375841,0.5690789473684211,1.2523135527249776,0.27515991500445774,0.6573087573051453
106,24,NaiveAug_LS010,10,60,60,0.0,1.0,1.0,3.325754523277288,0,0,0.6,0.606907894736842,0.5996732026143792,0.20967741935483875,0.7532894736842105,0.8476217520827123,0.2544903137854167,0.5014433264732361
106,24,ArtifactReject_LS010,10,60,54,0.09999999999999998,1.0,1.0,3.325754523277288,0,0,0.6571428571428571,0.6595394736842105,0.6568627450980393,0.3159609120521173,0.75,0.8077801830082569,0.219706130027771,0.45769762992858887
106,24,SoftWeight_noReject_LS010,10,60,60,0.0,0.6000000238418579,0.6000000238418579,3.325754523277288,0,0,0.6285714285714286,0.638157894736842,0.6273546273546273,0.2696629213483146,0.7302631578947368,0.8175903831230407,0.25865535395486017,0.48766911029815674
106,24,SAS-Cert-SoftAR-LS-v1.1,10,60,54,0.09999999999999998,0.523502767086029,0.5816697478294373,3.325754523277288,0,0,0.6571428571428571,0.6595394736842105,0.6568627450980393,0.3159609120521173,0.7532894736842105,0.8006906321938181,0.1933322753225054,0.45757555961608887
107,20,NaiveAug_LS010,10,60,60,0.0,1.0,1.0,3.1271884441375732,0,0,0.5714285714285714,0.5509868421052632,0.5333333333333333,0.10562180579216363,0.6677631578947368,0.8489189841048924,0.28175994498389106,0.491349458694458
107,20,ArtifactReject_LS010,10,60,54,0.09999999999999998,1.0,1.0,3.1271884441375732,0,0,0.6,0.5773026315789473,0.5561594202898551,0.16095890410958913,0.611842105263158,0.9014980272090891,0.2733204398836408,0.5424228310585022
107,20,SoftWeight_noReject_LS010,10,60,60,0.0,0.6000000238418579,0.6000000238418579,3.1271884441375732,0,0,0.6285714285714286,0.5986842105263157,0.5578231292517006,0.20869565217391295,0.6447368421052632,0.9265402659071666,0.2658055577959333,0.5332838892936707
107,20,SAS-Cert-SoftAR-LS-v1.1,10,60,54,0.09999999999999998,0.5214688777923584,0.5794098973274231,3.1271884441375732,0,0,0.6,0.5773026315789473,0.5561594202898551,0.16095890410958913,0.618421052631579,0.9011963863288703,0.23941665291786196,0.5363059639930725
107,21,NaiveAug_LS010,10,60,60,0.0,1.0,1.0,2.370768928527832,0,0,0.7142857142857143,0.7220394736842105,0.7140522875816995,0.435483870967742,0.7302631578947368,0.9834206996218697,0.1693707483155387,0.4692440629005432
107,21,ArtifactReject_LS010,10,60,54,0.09999999999999998,1.0,1.0,2.370768928527832,0,0,0.7142857142857143,0.7269736842105263,0.712171052631579,0.4408945686900959,0.730263157894737,1.0239773959620297,0.2309543652193887,0.4622972309589386
107,21,SoftWeight_noReject_LS010,10,60,60,0.0,0.6000000238418579,0.6000000238418579,2.370768928527832,0,0,0.7142857142857143,0.7368421052631579,0.7023809523809524,0.45141065830721006,0.7302631578947368,1.1035841719503314,0.26361280339104787,0.4837973415851593
107,21,SAS-Cert-SoftAR-LS-v1.1,10,60,54,0.09999999999999998,0.535480260848999,0.5949780344963074,2.370768928527832,0,0,0.7428571428571429,0.7532894736842105,0.742014742014742,0.4943820224719101,0.7203947368421053,1.0234699342156621,0.20940299374716623,0.46278026700019836
107,22,NaiveAug_LS010,10,60,60,0.0,1.0,1.0,2.2564934968948367,0,0,0.7714285714285715,0.7697368421052632,0.7697368421052632,0.5394736842105263,0.7467105263157895,0.8544054562044464,0.2535633768354143,0.44001972675323486
107,22,ArtifactReject_LS010,10,60,54,0.09999999999999998,1.0,1.0,2.2564934968948367,0,0,0.6857142857142857,0.6710526315789473,0.6683893195521102,0.3507588532883642,0.7467105263157895,0.8505824385218403,0.2107576983315604,0.4692699909210205
107,22,SoftWeight_noReject_LS010,10,60,60,0.0,0.6000000834465027,0.6000000834465027,2.2564934968948367,0,0,0.6857142857142857,0.6759868421052632,0.6761984861227923,0.3572621035058431,0.736842105263158,0.8785126973168336,0.24661352293831962,0.4616803824901581
107,22,SAS-Cert-SoftAR-LS-v1.1,10,60,54,0.09999999999999998,0.5289266109466553,0.5876961946487427,2.2564934968948367,0,0,0.6857142857142857,0.6759868421052632,0.6761984861227923,0.3572621035058431,0.7368421052631579,0.8671087232762368,0.22666374444961546,0.459008127450943
107,23,NaiveAug_LS010,10,60,60,0.0,1.0,1.0,2.8089033365249634,0,0,0.6,0.6118421052631579,0.5970394736842105,0.21725239616613423,0.6842105263157895,1.330223344457818,0.296752096925463,0.6555011868476868
107,23,ArtifactReject_LS010,10,60,54,0.09999999999999998,1.0,1.0,2.8089033365249634,0,0,0.5714285714285714,0.5805921052631579,0.5700245700245701,0.1573033707865169,0.6907894736842105,1.2167883694726298,0.3274961020265307,0.6460258960723877
107,23,SoftWeight_noReject_LS010,10,60,60,0.0,0.5999999642372131,0.5999999642372131,2.8089033365249634,0,0,0.5714285714285714,0.5805921052631579,0.5700245700245701,0.1573033707865169,0.6875,1.3043049558333868,0.3334761534418379,0.6526650786399841
107,23,SAS-Cert-SoftAR-LS-v1.1,10,60,54,0.09999999999999998,0.5314124226570129,0.590458333492279,2.8089033365249634,0,0,0.6,0.606907894736842,0.5996732026143792,0.20967741935483875,0.6940789473684211,1.2326336072066717,0.3253718291010176,0.6476170420646667
107,24,NaiveAug_LS010,10,60,60,0.0,1.0,1.0,2.4855754137039185,0,0,0.6571428571428571,0.6743421052631579,0.65,0.33544303797468356,0.694078947368421,0.9980220280884096,0.31638801097869873,0.5729113221168518
107,24,ArtifactReject_LS010,10,60,54,0.09999999999999998,1.0,1.0,2.4855754137039185,0,0,0.6571428571428571,0.6743421052631579,0.65,0.33544303797468356,0.6875,1.0353026532117273,0.33763051629066465,0.5722733736038208
107,24,SoftWeight_noReject_LS010,10,60,60,0.0,0.6000000238418579,0.6000000238418579,2.4855754137039185,0,0,0.6571428571428571,0.6743421052631579,0.65,0.33544303797468356,0.694078947368421,1.0247600256789025,0.30321378878184724,0.573724091053009
107,24,SAS-Cert-SoftAR-LS-v1.1,10,60,54,0.09999999999999998,0.5307344198226929,0.5897049307823181,2.4855754137039185,0,0,0.6571428571428571,0.6743421052631579,0.65,0.33544303797468356,0.6940789473684211,1.0936657773900897,0.3282287580626352,0.5798697471618652
108,20,NaiveAug_LS010,10,60,60,0.0,1.0,1.0,2.9493881940841673,0,0,0.7142857142857143,0.7189542483660131,0.7083333333333334,0.43365695792880266,0.7549019607843137,0.8713411178985035,0.24069185512406488,0.4761541783809662
108,20,ArtifactReject_LS010,10,60,54,0.09999999999999998,1.0,1.0,2.9493881940841673,0,0,0.6857142857142857,0.6895424836601307,0.6815550041356493,0.37601296596434364,0.7483660130718954,0.9742486026327807,0.24835526858057294,0.5186183452606201
108,20,SoftWeight_noReject_LS010,10,60,60,0.0,0.6000000834465027,0.6000000834465027,2.9493881940841673,0,0,0.6857142857142857,0.6895424836601307,0.6815550041356493,0.37601296596434364,0.7549019607843137,0.8784152365270717,0.1865822093827384,0.4816145896911621
108,20,SAS-Cert-SoftAR-LS-v1.1,10,60,54,0.09999999999999998,0.5271186232566833,0.5856873989105225,2.9493881940841673,0,0,0.6857142857142857,0.6895424836601307,0.6815550041356493,0.37601296596434364,0.738562091503268,0.9911556050667029,0.2771382766110556,0.5247417688369751
108,21,NaiveAug_LS010,10,60,60,0.0,1.0,1.0,4.232534694671632,0,0,0.7714285714285715,0.7663398692810457,0.761904761904762,0.5379537953795379,0.826797385620915,0.7782283137196155,0.23348496471132552,0.4250393509864807
108,21,ArtifactReject_LS010,10,60,54,0.09999999999999998,1.0,1.0,4.232534694671632,0,0,0.7428571428571429,0.7369281045751634,0.7286821705426357,0.47933884297520657,0.8496732026143791,0.757994979998346,0.1930304970060076,0.4193701446056366
108,21,SoftWeight_noReject_LS010,10,60,60,0.0,0.6000000238418579,0.6000000238418579,4.232534694671632,0,0,0.8,0.7957516339869282,0.7939444911690496,0.5963756177924218,0.8464052287581698,0.6853108344943479,0.18658900090626307,0.38357123732566833
108,21,SAS-Cert-SoftAR-LS-v1.1,10,60,54,0.09999999999999998,0.5603389739990234,0.6225988864898682,4.232534694671632,0,0,0.7714285714285715,0.7663398692810457,0.761904761904762,0.5379537953795379,0.8562091503267975,0.7344798656849747,0.19129298414502827,0.408022403717041
108,22,NaiveAug_LS010,10,60,60,0.0,1.0,1.0,4.573904418945313,0,0,0.6571428571428571,0.6601307189542484,0.6546052631578948,0.31818181818181823,0.8006535947712419,0.6505072259636999,0.20100139209202356,0.45706459879875183
108,22,ArtifactReject_LS010,10,60,54,0.09999999999999998,1.0,1.0,4.573904418945313,0,0,0.6857142857142857,0.6862745098039216,0.6857142857142857,0.3719412724306689,0.7941176470588236,0.5901483539544541,0.20676375712667194,0.41852840781211853
108,22,SoftWeight_noReject_LS010,10,60,60,0.0,0.6000000834465027,0.6000000834465027,4.573904418945313,0,0,0.6857142857142857,0.6862745098039216,0.6857142857142857,0.3719412724306689,0.7973856209150327,0.6012310604931207,0.20771453380584717,0.43082258105278015
108,22,SAS-Cert-SoftAR-LS-v1.1,10,60,54,0.09999999999999998,0.542259931564331,0.6025109887123108,4.573904418945313,0,0,0.6571428571428571,0.6584967320261439,0.6568627450980393,0.3159609120521173,0.803921568627451,0.5854420349497509,0.18479707241058346,0.4135412573814392
108,23,NaiveAug_LS010,10,60,60,0.0,1.0,1.0,3.184526371955872,0,0,0.6571428571428571,0.6519607843137255,0.6428571428571428,0.30693069306930687,0.6928104575163399,0.9452350204353305,0.2732066912310464,0.562889575958252
108,23,ArtifactReject_LS010,10,60,54,0.09999999999999998,1.0,1.0,3.184526371955872,0,0,0.6571428571428571,0.6519607843137255,0.6428571428571428,0.30693069306930687,0.7549019607843137,0.8339490499771757,0.2562503014292036,0.5124199390411377
108,23,SoftWeight_noReject_LS010,10,60,60,0.0,0.6000000238418579,0.6000000238418579,3.184526371955872,0,0,0.6571428571428571,0.6535947712418301,0.6499999999999999,0.3092105263157894,0.7124183006535947,0.8080623700138347,0.2479687443801335,0.4975687861442566
108,23,SAS-Cert-SoftAR-LS-v1.1,10,60,54,0.09999999999999998,0.5296044945716858,0.5884494185447693,3.184526371955872,0,0,0.6857142857142857,0.6813725490196079,0.6761984861227923,0.36573311367380557,0.7614379084967321,0.8126174388437045,0.2481420176369803,0.49507832527160645
108,24,NaiveAug_LS010,10,60,60,0.0,1.0,1.0,2.8581360816955566,0,0,0.6857142857142857,0.6862745098039216,0.6857142857142857,0.3719412724306689,0.8398692810457516,0.6035952583905024,0.22123828274863108,0.4242631494998932
108,24,ArtifactReject_LS010,10,60,54,0.09999999999999998,1.0,1.0,2.8581360816955566,0,0,0.6571428571428571,0.6568627450980392,0.6568627450980392,0.3137254901960783,0.8594771241830065,0.5888026923263795,0.24380959102085656,0.41661307215690613
108,24,SoftWeight_noReject_LS010,10,60,60,0.0,0.6000000238418579,0.6000000238418579,2.8581360816955566,0,0,0.6857142857142857,0.6862745098039216,0.6857142857142857,0.3719412724306689,0.8529411764705883,0.5735119341533976,0.21565496070044382,0.39916345477104187
108,24,SAS-Cert-SoftAR-LS-v1.1,10,60,54,0.09999999999999998,0.5282485485076904,0.5869427919387817,2.8581360816955566,0,0,0.6571428571428571,0.6568627450980392,0.6568627450980392,0.3137254901960783,0.8627450980392156,0.5931635258650715,0.23238996267318723,0.4133850634098053
109,20,NaiveAug_LS010,10,60,60,0.0,1.0,1.0,6.063844823837283,0,0,0.6571428571428571,0.6584967320261439,0.6568627450980393,0.3159609120521173,0.6437908496732027,0.9335541575340999,0.18527892827987671,0.547662079334259
109,20,ArtifactReject_LS010,10,60,54,0.09999999999999998,1.0,1.0,6.063844823837283,0,0,0.6857142857142857,0.6862745098039216,0.6857142857142857,0.3719412724306689,0.6666666666666666,0.9513297490129493,0.2740206982408251,0.5423702597618103
109,20,SoftWeight_noReject_LS010,10,60,60,0.0,0.5999999642372131,0.5999999642372131,6.063844823837283,0,0,0.6857142857142857,0.6862745098039216,0.6857142857142857,0.3719412724306689,0.6732026143790849,0.879636366016209,0.2210876277514866,0.5336928367614746
109,20,SAS-Cert-SoftAR-LS-v1.1,10,60,54,0.09999999999999998,0.5458756685256958,0.6065285205841064,6.063844823837283,0,0,0.6571428571428571,0.6584967320261439,0.6568627450980393,0.3159609120521173,0.6535947712418301,0.923303846159842,0.22684472629002161,0.5334243774414062
109,21,NaiveAug_LS010,10,60,60,0.0,1.0,1.0,2.858069229125977,0,0,0.7142857142857143,0.7205882352941176,0.7023809523809526,0.435483870967742,0.6862745098039216,0.7818870105631618,0.267314281633922,0.5173301696777344
109,21,ArtifactReject_LS010,10,60,54,0.09999999999999998,1.0,1.0,2.858069229125977,0,0,0.6,0.6078431372549019,0.5716783216783217,0.21221864951768488,0.6405228758169935,0.9064404174821306,0.26429693273135596,0.6147300601005554
109,21,SoftWeight_noReject_LS010,10,60,60,0.0,0.6000000834465027,0.6000000834465027,2.858069229125977,0,0,0.7142857142857143,0.7205882352941176,0.7023809523809526,0.435483870967742,0.6830065359477124,0.7826075522748643,0.30663850222315103,0.5263076424598694
109,21,SAS-Cert-SoftAR-LS-v1.1,10,60,54,0.09999999999999998,0.5375141501426697,0.5972378849983215,2.858069229125977,0,0,0.6,0.6078431372549019,0.5716783216783217,0.21221864951768488,0.6437908496732027,0.880728846171797,0.27095702077661243,0.5994654297828674
109,22,NaiveAug_LS010,10,60,60,0.0,1.0,1.0,2.9948311328887955,0,0,0.5714285714285714,0.5751633986928104,0.56575682382134,0.14910858995137766,0.6666666666666666,0.9172506940629946,0.31502736934593745,0.5937252640724182
109,22,ArtifactReject_LS010,10,60,54,0.09999999999999998,1.0,1.0,2.9948311328887955,0,0,0.5714285714285714,0.5735294117647058,0.5700245700245701,0.14634146341463417,0.673202614379085,0.8939267835932783,0.2631877796990531,0.5782380104064941
109,22,SoftWeight_noReject_LS010,10,60,60,0.0,0.6000000834465027,0.6000000834465027,2.9948311328887955,0,0,0.6285714285714286,0.6323529411764706,0.6236559139784947,0.2625607779578607,0.6732026143790849,0.9071704012606817,0.30875772833824155,0.5785245895385742
109,22,SAS-Cert-SoftAR-LS-v1.1,10,60,54,0.09999999999999998,0.5316383838653564,0.5907093286514282,2.9948311328887955,0,0,0.5714285714285714,0.5735294117647058,0.5700245700245701,0.14634146341463417,0.6699346405228758,0.8788653531429622,0.2675943774836404,0.5654178261756897
109,23,NaiveAug_LS010,10,60,60,0.0,1.0,1.0,2.8637882947921756,0,0,0.6571428571428571,0.6601307189542484,0.6546052631578948,0.31818181818181823,0.7352941176470588,0.7192251997309078,0.15372364946774073,0.46113356947898865
109,23,ArtifactReject_LS010,10,60,54,0.09999999999999998,1.0,1.0,2.8637882947921756,0,0,0.6,0.6045751633986928,0.5916666666666667,0.20711974110032372,0.7091503267973857,0.7808313693606516,0.28573921407972064,0.49695461988449097
109,23,SoftWeight_noReject_LS010,10,60,60,0.0,0.6000000238418579,0.6000000238418579,2.8637882947921756,0,0,0.6571428571428571,0.6601307189542484,0.6546052631578948,0.31818181818181823,0.7254901960784313,0.7257962046840062,0.19353525979178293,0.46073493361473083
109,23,SAS-Cert-SoftAR-LS-v1.1,10,60,54,0.09999999999999998,0.521920919418335,0.5799120664596558,2.8637882947921756,0,0,0.6571428571428571,0.6601307189542484,0.6546052631578948,0.31818181818181823,0.7189542483660132,0.7511835707995486,0.2035131403378078,0.47836706042289734
109,24,NaiveAug_LS010,10,60,60,0.0,1.0,1.0,2.2351439714431764,0,0,0.6285714285714286,0.6323529411764706,0.6236559139784947,0.2625607779578607,0.6993464052287581,0.772139444387233,0.29646449514797757,0.5319939851760864
109,24,ArtifactReject_LS010,10,60,54,0.09999999999999998,1.0,1.0,2.2351439714431764,0,0,0.6,0.6045751633986928,0.5916666666666667,0.20711974110032372,0.673202614379085,0.8754158369079018,0.3263635899339403,0.6080007553100586
109,24,SoftWeight_noReject_LS010,10,60,60,0.0,0.6000000238418579,0.6000000238418579,2.2351439714431764,0,0,0.5714285714285714,0.5735294117647058,0.5700245700245701,0.14634146341463417,0.673202614379085,0.7818447024546417,0.22740890894617352,0.5485277771949768
109,24,SAS-Cert-SoftAR-LS-v1.1,10,60,54,0.09999999999999998,0.5289265513420105,0.5876961350440979,2.2351439714431764,0,0,0.5714285714285714,0.576797385620915,0.5584524810765349,0.1518578352180937,0.673202614379085,0.8551035684684273,0.28331700478281296,0.5936295390129089
