acc,artifact_reject_percentile,brier,ece,group,kappa,macro_f1,mean_confidence,n_train,nll,score_variant,seed,source_val_n,subject_wise_std,target_subject,temperature,w_min,worst_subject_acc
0.3298611111111111,10.0,0.736919927672943,0.050086676246590106,NaiveAug,0.10648148148148147,0.2752032809425598,0.2797744572162628,200,1.359513759613037,artifact_gate_content_rank,20,452,0.05436241396039374,1,1.0,0.2,0.2523148148148148
0.3263888888888889,10.0,0.7359010454267617,0.045695346676641053,SoftWeightArtifactReject_raw,0.10185185185185186,0.2706812422526398,0.28069353103637695,182,1.3574899435043335,artifact_gate_content_rank,20,452,0.050692871979754625,1,1.0,0.2,0.25115740740740744
0.3333333333333333,10.0,0.7466533224075153,0.07727511723836261,SWAR_TempScale_SourceVal,0.11111111111111109,0.2779199445921533,0.2560582160949707,182,1.3795793056488037,artifact_gate_content_rank,20,452,0.05381756226089645,1,4.9,0.2,0.2488425925925926
0.3368055555555556,10.0,0.7357827226573003,0.05715555438978803,SWAR_LabelSmoothing_eps005,0.11574074074074077,0.2816953316953317,0.2796500027179718,182,1.3572795391082764,artifact_gate_content_rank,20,452,0.05222681932196023,1,1.0,0.2,0.2488425925925926
0.3402777777777778,10.0,0.7356986647526438,0.06217292551365166,SWAR_LabelSmoothing_eps010,0.12037037037037039,0.28323428647456006,0.27810487151145935,182,1.357159972190857,artifact_gate_content_rank,20,452,0.05978569138367008,1,1.0,0.2,0.24537037037037038
0.3333333333333333,10.0,0.7357382598734636,0.05450316642721492,SWAR_BrierMix_lam005,0.11111111111111109,0.28165447435873453,0.2788301706314087,182,1.357217788696289,artifact_gate_content_rank,20,452,0.054004384088899224,1,1.0,0.2,0.2465277777777778
0.3298611111111111,10.0,0.7358334979869701,0.05183214735653665,SWAR_BrierMix_lam010,0.10648148148148147,0.2792642140468228,0.2780289649963379,182,1.357435703277588,artifact_gate_content_rank,20,452,0.05355602853255061,1,1.0,0.2,0.2523148148148148
0.3298611111111111,10.0,0.7365702396929711,0.053069573309686445,ArtifactReject_raw,0.10648148148148147,0.27540756063425664,0.276791512966156,182,1.3587775230407715,artifact_gate_content_rank,20,452,0.053001015935766484,1,1.0,0.2,0.25810185185185186
0.3541666666666667,10.0,0.7390262159765728,0.08566714926726288,NaiveAug,0.13888888888888892,0.297829383656005,0.268499493598938,200,1.3639403581619263,artifact_gate_content_rank,21,452,0.05436241396039374,1,1.0,0.2,0.2523148148148148
0.3194444444444444,10.0,0.7377985213728997,0.04948095480600993,SoftWeightArtifactReject_raw,0.09259259259259256,0.26600077377498027,0.26996350288391113,182,1.3617159128189087,artifact_gate_content_rank,21,452,0.050692871979754625,1,1.0,0.2,0.25115740740740744
0.3368055555555556,10.0,0.7410124258121566,0.07282926669965191,SWAR_TempScale_SourceVal,0.11574074074074077,0.27378399961668076,0.2639763057231903,182,1.368264079093933,artifact_gate_content_rank,21,452,0.05381756226089645,1,1.4,0.2,0.2488425925925926
0.34375,10.0,0.7377879719353556,0.07492066567970648,SWAR_LabelSmoothing_eps005,0.125,0.2884401526137791,0.268829345703125,182,1.3617594242095947,artifact_gate_content_rank,21,452,0.05222681932196023,1,1.0,0.2,0.2488425925925926
0.3159722222222222,10.0,0.738090795415159,0.046456134360697544,SWAR_LabelSmoothing_eps010,0.08796296296296295,0.260080121016769,0.26951611042022705,182,1.3622255325317383,artifact_gate_content_rank,21,452,0.05978569138367008,1,1.0,0.2,0.24537037037037038
0.3229166666666667,10.0,0.7379901716911402,0.05142390748692883,SWAR_BrierMix_lam005,0.09722222222222225,0.24576227494201022,0.27149274945259094,182,1.3620585203170776,artifact_gate_content_rank,21,452,0.054004384088899224,1,1.0,0.2,0.2465277777777778
0.3298611111111111,10.0,0.7377452015918243,0.060006085783243165,SWAR_BrierMix_lam010,0.10648148148148147,0.2645402906958873,0.2698550224304199,182,1.361568570137024,artifact_gate_content_rank,21,452,0.05355602853255061,1,1.0,0.2,0.2523148148148148
0.3298611111111111,10.0,0.7389889449341733,0.06525204920520383,ArtifactReject_raw,0.10648148148148147,0.31939699628099427,0.26460906863212585,182,1.3640007972717285,artifact_gate_content_rank,21,452,0.053001015935766484,1,1.0,0.2,0.25810185185185186
0.3090277777777778,10.0,0.7415819060923469,0.03519906020826766,NaiveAug,0.07870370370370372,0.2626599168839635,0.2738287150859833,200,1.3691521883010864,artifact_gate_content_rank,22,452,0.05436241396039374,1,1.0,0.2,0.2523148148148148
0.3784722222222222,10.0,0.7393607764622201,0.11010971261809269,SoftWeightArtifactReject_raw,0.17129629629629628,0.3121336669499199,0.2698022425174713,182,1.3650959730148315,artifact_gate_content_rank,22,452,0.050692871979754625,1,1.0,0.2,0.25115740740740744
0.3784722222222222,10.0,0.743518777349574,0.11673081635187071,SWAR_TempScale_SourceVal,0.17129629629629628,0.3091855202377979,0.26174142956733704,182,1.3733936548233032,artifact_gate_content_rank,22,452,0.05381756226089645,1,1.75,0.2,0.2488425925925926
0.3784722222222222,10.0,0.7396456528090469,0.11084345759203036,SWAR_LabelSmoothing_eps005,0.17129629629629628,0.3210413961849595,0.2690254747867584,182,1.3655821084976196,artifact_gate_content_rank,22,452,0.05222681932196023,1,1.0,0.2,0.2488425925925926
0.4131944444444444,10.0,0.739779831308281,0.14576956153743797,SWAR_LabelSmoothing_eps010,0.21759259259259256,0.35505471368408803,0.26867783069610596,182,1.3659032583236694,artifact_gate_content_rank,22,452,0.05978569138367008,1,1.0,0.2,0.24537037037037038
0.3784722222222222,10.0,0.739555791325273,0.10758370554281604,SWAR_BrierMix_lam005,0.17129629629629628,0.306995553671607,0.27088847756385803,182,1.365560531616211,artifact_gate_content_rank,22,452,0.054004384088899224,1,1.0,0.2,0.2465277777777778
0.3854166666666667,10.0,0.7396446312025672,0.11750584633813961,SWAR_BrierMix_lam010,0.18055555555555558,0.3257114005060533,0.26934635639190674,182,1.3656306266784668,artifact_gate_content_rank,22,452,0.05355602853255061,1,1.0,0.2,0.2523148148148148
0.3194444444444444,10.0,0.7410698978872754,0.05144902173843647,ArtifactReject_raw,0.09259259259259256,0.293544370189235,0.2679954171180725,182,1.3678832054138184,artifact_gate_content_rank,22,452,0.053001015935766484,1,1.0,0.2,0.25810185185185186
0.2673611111111111,10.0,0.7760002856715262,0.06264622975140811,NaiveAug,0.02314814814814814,0.2064829540906096,0.3167017996311188,200,1.445250153541565,artifact_gate_content_rank,20,452,0.05436241396039374,2,1.0,0.2,0.2523148148148148
0.2465277777777778,10.0,0.7777719076045237,0.08392539920492305,SoftWeightArtifactReject_raw,-0.004629629629629613,0.15041208791208793,0.33045318722724915,182,1.4495644569396973,artifact_gate_content_rank,20,452,0.050692871979754625,2,1.0,0.2,0.25115740740740744
0.25,10.0,0.7671602706160575,0.05659081704086727,SWAR_TempScale_SourceVal,0.0,0.15492121859292876,0.30659082531929016,182,1.423288345336914,artifact_gate_content_rank,20,452,0.05381756226089645,2,1.4,0.2,0.2488425925925926
0.2465277777777778,10.0,0.7799383267734673,0.08678343892097473,SWAR_LabelSmoothing_eps005,-0.004629629629629613,0.15526237328562909,0.3333112299442291,182,1.4552664756774902,artifact_gate_content_rank,20,452,0.05222681932196023,2,1.0,0.2,0.2488425925925926
0.24305555555555555,10.0,0.7792534024602001,0.08908649689207476,SWAR_LabelSmoothing_eps010,-0.009259259259259264,0.1489088741447232,0.33214202523231506,182,1.453453540802002,artifact_gate_content_rank,20,452,0.05978569138367008,2,1.0,0.2,0.24537037037037038
0.2465277777777778,10.0,0.7792272068394392,0.08902389680345855,SWAR_BrierMix_lam005,-0.004629629629629613,0.1507988399918159,0.3355516791343689,182,1.4534446001052856,artifact_gate_content_rank,20,452,0.054004384088899224,2,1.0,0.2,0.2465277777777778
0.2465277777777778,10.0,0.7805273072045859,0.09138022632234627,SWAR_BrierMix_lam010,-0.004629629629629613,0.1455249523399545,0.337907999753952,182,1.45609712600708,artifact_gate_content_rank,20,452,0.05355602853255061,2,1.0,0.2,0.2523148148148148
0.2534722222222222,10.0,0.7734664310565681,0.06527489340967604,ArtifactReject_raw,0.004629629629629613,0.17366767338589775,0.3187471032142639,182,1.4376403093338013,artifact_gate_content_rank,20,452,0.053001015935766484,2,1.0,0.2,0.25810185185185186
0.2534722222222222,10.0,0.7735850446816831,0.10094743221998215,NaiveAug,0.004629629629629613,0.1136986301369863,0.3474832773208618,200,1.4366776943206787,artifact_gate_content_rank,21,452,0.05436241396039374,2,1.0,0.2,0.2523148148148148
0.2465277777777778,10.0,0.7702489223191458,0.08235088114937147,SoftWeightArtifactReject_raw,-0.004629629629629613,0.16932450823526937,0.3288786709308624,182,1.432321548461914,artifact_gate_content_rank,21,452,0.050692871979754625,2,1.0,0.2,0.25115740740740744
0.2534722222222222,10.0,0.754646565328177,0.03377944148249098,SWAR_TempScale_SourceVal,0.004629629629629613,0.17481431611866394,0.28725165128707886,182,1.395862102508545,artifact_gate_content_rank,21,452,0.05381756226089645,2,2.1500000000000004,0.2,0.2488425925925926
0.2534722222222222,10.0,0.7696020464862837,0.0723841960231463,SWAR_LabelSmoothing_eps005,0.004629629629629613,0.17704998371865843,0.32585641741752625,182,1.4326379299163818,artifact_gate_content_rank,21,452,0.05222681932196023,2,1.0,0.2,0.2488425925925926
0.2465277777777778,10.0,0.7681782059494301,0.07517375631464852,SWAR_LabelSmoothing_eps010,-0.004629629629629613,0.17523448773448774,0.3217015266418457,182,1.4293653964996338,artifact_gate_content_rank,21,452,0.05978569138367008,2,1.0,0.2,0.24537037037037038
0.25,10.0,0.7701183257058047,0.08063021798928578,SWAR_BrierMix_lam005,0.0,0.16855886049434438,0.33063024282455444,182,1.4310791492462158,artifact_gate_content_rank,21,452,0.054004384088899224,2,1.0,0.2,0.2465277777777778
0.2638888888888889,10.0,0.7704107560580274,0.0676700035110116,SWAR_BrierMix_lam010,0.018518518518518528,0.17539682539682538,0.33155885338783264,182,1.4325885772705078,artifact_gate_content_rank,21,452,0.05355602853255061,2,1.0,0.2,0.2523148148148148
0.2569444444444444,10.0,0.7754139943286085,0.0880138333886862,ArtifactReject_raw,0.009259259259259226,0.1555782952509386,0.34495827555656433,182,1.4412504434585571,artifact_gate_content_rank,21,452,0.053001015935766484,2,1.0,0.2,0.25810185185185186
0.2604166666666667,10.0,0.7650186812438784,0.07222823695176177,NaiveAug,0.013888888888888914,0.15207564480547595,0.32074764370918274,200,1.4166120290756226,artifact_gate_content_rank,22,452,0.05436241396039374,2,1.0,0.2,0.2523148148148148
0.2604166666666667,10.0,0.7617185403233591,0.03058899939060212,SoftWeightArtifactReject_raw,0.013888888888888914,0.21533014685731788,0.2910056710243225,182,1.4128111600875854,artifact_gate_content_rank,22,452,0.050692871979754625,2,1.0,0.2,0.25115740740740744
0.24305555555555555,10.0,0.7814900166395343,0.08525050907499258,SWAR_TempScale_SourceVal,-0.009259259259259264,0.19853960119502262,0.32830604910850525,182,1.4670816659927368,artifact_gate_content_rank,22,452,0.05381756226089645,2,0.5,0.2,0.2488425925925926
0.2465277777777778,10.0,0.7636374664570028,0.04937576016204226,SWAR_LabelSmoothing_eps005,-0.004629629629629613,0.20627104377104377,0.2959035336971283,182,1.4168415069580078,artifact_gate_content_rank,22,452,0.05222681932196023,2,1.0,0.2,0.2488425925925926
0.2465277777777778,10.0,0.7620560077729901,0.0459179168360101,SWAR_LabelSmoothing_eps010,-0.004629629629629613,0.19728934849525187,0.29244568943977356,182,1.4133652448654175,artifact_gate_content_rank,22,452,0.05978569138367008,2,1.0,0.2,0.24537037037037038
0.24305555555555555,10.0,0.763147877473543,0.05124130927854113,SWAR_BrierMix_lam005,-0.009259259259259264,0.20429521179215182,0.29429686069488525,182,1.4155675172805786,artifact_gate_content_rank,22,452,0.054004384088899224,2,1.0,0.2,0.2465277777777778
0.2465277777777778,10.0,0.7640695825559661,0.05196066035164727,SWAR_BrierMix_lam010,-0.004629629629629613,0.19495645808297082,0.29848846793174744,182,1.4177199602127075,artifact_gate_content_rank,22,452,0.05355602853255061,2,1.0,0.2,0.2523148148148148
0.2638888888888889,10.0,0.7634340376301002,0.04126059677865769,ArtifactReject_raw,0.018518518518518528,0.17408547398287483,0.30514946579933167,182,1.4154448509216309,artifact_gate_content_rank,22,452,0.053001015935766484,2,1.0,0.2,0.25810185185185186
0.375,10.0,0.7334752763273287,0.09260273559225927,NaiveAug,0.16666666666666666,0.312029148999624,0.2823972702026367,200,1.3540818691253662,artifact_gate_content_rank,20,452,0.05436241396039374,3,1.0,0.2,0.2523148148148148
0.3194444444444444,10.0,0.7352005955781946,0.03428305975264972,SoftWeightArtifactReject_raw,0.09259259259259256,0.2721941364611031,0.2851613759994507,182,1.3564443588256836,artifact_gate_content_rank,20,452,0.050692871979754625,3,1.0,0.2,0.25115740740740744
0.3298611111111111,10.0,0.742524421542157,0.0646067029900021,SWAR_TempScale_SourceVal,0.10648148148148147,0.27960638565067497,0.265254408121109,182,1.3713054656982422,artifact_gate_content_rank,20,452,0.05381756226089645,3,2.3,0.2,0.2488425925925926
0.3298611111111111,10.0,0.7344125756185211,0.04544382883856693,SWAR_LabelSmoothing_eps005,0.10648148148148147,0.288874116668683,0.2844172716140747,182,1.3549211025238037,artifact_gate_content_rank,20,452,0.05222681932196023,3,1.0,0.2,0.2488425925925926
0.3472222222222222,10.0,0.7341445980762601,0.06550501183503202,SWAR_LabelSmoothing_eps010,0.12962962962962962,0.31964991530208925,0.2817172110080719,182,1.3546712398529053,artifact_gate_content_rank,20,452,0.05978569138367008,3,1.0,0.2,0.24537037037037038
0.3333333333333333,10.0,0.7348312847130862,0.04839758988883761,SWAR_BrierMix_lam005,0.11111111111111109,0.2832454269624687,0.28493574261665344,182,1.355773687362671,artifact_gate_content_rank,20,452,0.054004384088899224,3,1.0,0.2,0.2465277777777778
0.3298611111111111,10.0,0.7343333536087171,0.046275664534833706,SWAR_BrierMix_lam010,0.10648148148148147,0.2887372755861616,0.28358542919158936,182,1.3547722101211548,artifact_gate_content_rank,20,452,0.05355602853255061,3,1.0,0.2,0.2523148148148148
0.34375,10.0,0.7339578316948638,0.06366436183452609,ArtifactReject_raw,0.125,0.31138285127038773,0.28008565306663513,182,1.3545461893081665,artifact_gate_content_rank,20,452,0.053001015935766484,3,1.0,0.2,0.25810185185185186
0.3854166666666667,10.0,0.7284368386370277,0.09785305781082976,NaiveAug,0.18055555555555558,0.3440700264211541,0.2904167175292969,200,1.3440163135528564,artifact_gate_content_rank,21,452,0.05436241396039374,3,1.0,0.2,0.2523148148148148
0.3958333333333333,10.0,0.7259314423420523,0.11565815046843556,SoftWeightArtifactReject_raw,0.19444444444444442,0.35479834788601455,0.28297874331474304,182,1.3397716283798218,artifact_gate_content_rank,21,452,0.050692871979754625,3,1.0,0.2,0.25115740740740744
0.3819444444444444,10.0,0.740853116524424,0.12240195884886718,SWAR_TempScale_SourceVal,0.1759259259259259,0.3403018278018278,0.26164567470550537,182,1.368238925933838,artifact_gate_content_rank,21,452,0.05381756226089645,3,2.8000000000000003,0.2,0.2488425925925926
0.375,10.0,0.7261411993882901,0.09417540176461141,SWAR_LabelSmoothing_eps005,0.16666666666666666,0.324746446523815,0.2836303114891052,182,1.3402857780456543,artifact_gate_content_rank,21,452,0.05222681932196023,3,1.0,0.2,0.2488425925925926
0.4097222222222222,10.0,0.7264070331916348,0.12797548001011214,SWAR_LabelSmoothing_eps010,0.21296296296296294,0.3705781361112327,0.2817467451095581,182,1.3405424356460571,artifact_gate_content_rank,21,452,0.05978569138367008,3,1.0,0.2,0.24537037037037038
0.4027777777777778,10.0,0.7264682441005461,0.12325181739611758,SWAR_BrierMix_lam005,0.20370370370370372,0.375835460108787,0.2823147475719452,182,1.3406020402908325,artifact_gate_content_rank,21,452,0.054004384088899224,3,1.0,0.2,0.2465277777777778
0.3784722222222222,10.0,0.7262558795237377,0.09799908298171227,SWAR_BrierMix_lam010,0.17129629629629628,0.3380106877506323,0.2832798361778259,182,1.3402276039123535,artifact_gate_content_rank,21,452,0.05355602853255061,3,1.0,0.2,0.2523148148148148
0.3715277777777778,10.0,0.7273297543414747,0.09096288091192645,ArtifactReject_raw,0.16203703703703706,0.34094211238975575,0.2833460569381714,182,1.3422778844833374,artifact_gate_content_rank,21,452,0.053001015935766484,3,1.0,0.2,0.25810185185185186
0.3333333333333333,10.0,0.7310112323444891,0.06374563918345504,NaiveAug,0.11111111111111109,0.23952300514800512,0.3042081296443939,200,1.3526588678359985,artifact_gate_content_rank,22,452,0.05436241396039374,3,1.0,0.2,0.2523148148148148
0.3402777777777778,10.0,0.7296027606540101,0.048018431290984126,SoftWeightArtifactReject_raw,0.12037037037037039,0.2787509809806002,0.2922593653202057,182,1.3483144044876099,artifact_gate_content_rank,22,452,0.050692871979754625,3,1.0,0.2,0.25115740740740744
0.3333333333333333,10.0,0.7424543571127672,0.06977418396208024,SWAR_TempScale_SourceVal,0.11111111111111109,0.26861790170613703,0.2635591924190521,182,1.3715946674346924,artifact_gate_content_rank,22,452,0.05381756226089645,3,3.0500000000000003,0.2,0.2488425925925926
0.3125,10.0,0.7297293024290549,0.07565131566176811,SWAR_LabelSmoothing_eps005,0.08333333333333333,0.24406431723210892,0.2926676869392395,182,1.3486371040344238,artifact_gate_content_rank,22,452,0.05222681932196023,3,1.0,0.2,0.2488425925925926
0.3402777777777778,10.0,0.7296152023562656,0.04927032058023745,SWAR_LabelSmoothing_eps010,0.12037037037037039,0.2741834533467019,0.29100745916366577,182,1.3484153747558594,artifact_gate_content_rank,22,452,0.05978569138367008,3,1.0,0.2,0.24537037037037038
0.3229166666666667,10.0,0.7296671239877909,0.06281066168513563,SWAR_BrierMix_lam005,0.09722222222222225,0.2562577892922539,0.29445335268974304,182,1.3487305641174316,artifact_gate_content_rank,22,452,0.054004384088899224,3,1.0,0.2,0.2465277777777778
0.3263888888888889,10.0,0.7300207385370667,0.05796538055357006,SWAR_BrierMix_lam010,0.10185185185185186,0.26082842218994234,0.29331111907958984,182,1.349181890487671,artifact_gate_content_rank,22,452,0.05355602853255061,3,1.0,0.2,0.2523148148148148
0.3541666666666667,10.0,0.7303151292728065,0.06080921501335169,ArtifactReject_raw,0.13888888888888892,0.27440104408532245,0.2933574318885803,182,1.3498320579528809,artifact_gate_content_rank,22,452,0.053001015935766484,3,1.0,0.2,0.25810185185185186
0.3854166666666667,10.0,0.7365961099794853,0.1142718262142605,NaiveAug,0.18055555555555558,0.31006813224517804,0.2711448073387146,200,1.3595526218414307,artifact_gate_content_rank,20,460,0.05436241396039374,4,1.0,0.2,0.2523148148148148
0.3993055555555556,10.0,0.7354327109542768,0.12858064058754176,SoftWeightArtifactReject_raw,0.1990740740740741,0.30733817301875377,0.27072492241859436,182,1.357036828994751,artifact_gate_content_rank,20,460,0.050692871979754625,4,1.0,0.2,0.25115740740740744
0.3819444444444444,10.0,0.7392144719486433,0.11712053956256972,SWAR_TempScale_SourceVal,0.1759259259259259,0.2952868172990384,0.26482391357421875,182,1.36466646194458,artifact_gate_content_rank,20,460,0.05381756226089645,4,1.35,0.2,0.2488425925925926
0.3888888888888889,10.0,0.7357354940893972,0.11958262872778705,SWAR_LabelSmoothing_eps005,0.1851851851851852,0.31342948717948715,0.2693062424659729,182,1.3576626777648926,artifact_gate_content_rank,20,460,0.05222681932196023,4,1.0,0.2,0.2488425925925926
0.3993055555555556,10.0,0.7356982772055013,0.13037537866168553,SWAR_LabelSmoothing_eps010,0.1990740740740741,0.3382395419672981,0.26893022656440735,182,1.3576006889343262,artifact_gate_content_rank,20,460,0.05978569138367008,4,1.0,0.2,0.24537037037037038
0.3854166666666667,10.0,0.7359588781516846,0.11552978307008743,SWAR_BrierMix_lam005,0.18055555555555558,0.30378510378510376,0.26988685131073,182,1.3580125570297241,artifact_gate_content_rank,20,460,0.054004384088899224,4,1.0,0.2,0.2465277777777778
0.3854166666666667,10.0,0.7358672696830696,0.11557243826488653,SWAR_BrierMix_lam010,0.18055555555555558,0.3036889327900564,0.2698442041873932,182,1.357861876487732,artifact_gate_content_rank,20,460,0.05355602853255061,4,1.0,0.2,0.2523148148148148
0.4166666666666667,10.0,0.7373648715482746,0.1510155592113733,ArtifactReject_raw,0.22222222222222224,0.4111549730167529,0.2656511068344116,182,1.360789179801941,artifact_gate_content_rank,20,460,0.053001015935766484,4,1.0,0.2,0.25810185185185186
0.2708333333333333,10.0,0.7352525989682231,0.019039231042067204,NaiveAug,0.027777777777777752,0.1827201316584532,0.2785908877849579,200,1.3560385704040527,artifact_gate_content_rank,21,460,0.05436241396039374,4,1.0,0.2,0.2523148148148148
0.3645833333333333,10.0,0.7343332732779622,0.09552109489838281,SoftWeightArtifactReject_raw,0.15277777777777776,0.30149153404749307,0.26906225085258484,182,1.3548846244812012,artifact_gate_content_rank,21,460,0.050692871979754625,4,1.0,0.2,0.25115740740740744
0.3576388888888889,10.0,0.7417841888300772,0.09801458732949365,SWAR_TempScale_SourceVal,0.14351851851851852,0.29079446975788437,0.25962430238723755,182,1.3698632717132568,artifact_gate_content_rank,21,460,0.05381756226089645,4,1.9500000000000002,0.2,0.2488425925925926
0.3645833333333333,10.0,0.7344035152365509,0.09590589565535387,SWAR_LabelSmoothing_eps005,0.15277777777777776,0.3007678410117434,0.2686774432659149,182,1.3550010919570923,artifact_gate_content_rank,21,460,0.05222681932196023,4,1.0,0.2,0.2488425925925926
0.3680555555555556,10.0,0.7347611242816267,0.09993375485969912,SWAR_LabelSmoothing_eps010,0.15740740740740744,0.30900721429742584,0.2681218087673187,182,1.3557240962982178,artifact_gate_content_rank,21,460,0.05978569138367008,4,1.0,0.2,0.24537037037037038
0.375,10.0,0.7344897048091537,0.10751174204051493,SWAR_BrierMix_lam005,0.16666666666666666,0.3260218658459262,0.2674882411956787,182,1.3551099300384521,artifact_gate_content_rank,21,460,0.054004384088899224,4,1.0,0.2,0.2465277777777778
0.3645833333333333,10.0,0.7343729997758233,0.09646894679301317,SWAR_BrierMix_lam010,0.15277777777777776,0.31751953195339405,0.2681144177913666,182,1.3548394441604614,artifact_gate_content_rank,21,460,0.05355602853255061,4,1.0,0.2,0.2523148148148148
0.3645833333333333,10.0,0.7342658011788981,0.09592301077726814,ArtifactReject_raw,0.15277777777777776,0.3566228638750223,0.2686603367328644,182,1.3544620275497437,artifact_gate_content_rank,21,460,0.053001015935766484,4,1.0,0.2,0.25810185185185186
0.3993055555555556,10.0,0.7386408151815103,0.12514587884975803,NaiveAug,0.1990740740740741,0.33843725718725715,0.27415966987609863,200,1.364112377166748,artifact_gate_content_rank,22,460,0.05436241396039374,4,1.0,0.2,0.2523148148148148
0.3854166666666667,10.0,0.7375927427232299,0.11329265342404446,SoftWeightArtifactReject_raw,0.18055555555555558,0.27804129363549246,0.2721240222454071,182,1.3619226217269897,artifact_gate_content_rank,22,460,0.050692871979754625,4,1.0,0.2,0.25115740740740744
0.3923611111111111,10.0,0.7472737605086175,0.13790915078587002,SWAR_TempScale_SourceVal,0.1898148148148148,0.2883686332850488,0.2544519603252411,182,1.3808659315109253,artifact_gate_content_rank,22,460,0.05381756226089645,4,5.0,0.2,0.2488425925925926
0.3958333333333333,10.0,0.7379348872910979,0.1253468659189012,SWAR_LabelSmoothing_eps005,0.19444444444444442,0.3144614809274495,0.2704864740371704,182,1.3624863624572754,artifact_gate_content_rank,22,460,0.05222681932196023,4,1.0,0.2,0.2488425925925926
0.3888888888888889,10.0,0.7377613085095391,0.11708699497911665,SWAR_LabelSmoothing_eps010,0.1851851851851852,0.2776120340882047,0.2718018591403961,182,1.3622643947601318,artifact_gate_content_rank,22,460,0.05978569138367008,4,1.0,0.2,0.24537037037037038
0.3819444444444444,10.0,0.7380788538007906,0.10910052785442934,SWAR_BrierMix_lam005,0.1759259259259259,0.2755537314464377,0.2728439271450043,182,1.3630213737487793,artifact_gate_content_rank,22,460,0.054004384088899224,4,1.0,0.2,0.2465277777777778
0.3958333333333333,10.0,0.737789088786013,0.12441764709850153,SWAR_BrierMix_lam010,0.19444444444444442,0.3023826679410828,0.27141571044921875,182,1.362267017364502,artifact_gate_content_rank,22,460,0.05355602853255061,4,1.0,0.2,0.2523148148148148
0.3819444444444444,10.0,0.7380208113038544,0.11244677234854962,ArtifactReject_raw,0.1759259259259259,0.3202326344412234,0.26949769258499146,182,1.3625134229660034,artifact_gate_content_rank,22,460,0.053001015935766484,4,1.0,0.2,0.25810185185185186
0.23958333333333334,10.0,0.7510101838175238,0.046476197222040765,NaiveAug,-0.013888888888888876,0.15980878877880633,0.2801858186721802,200,1.38808274269104,artifact_gate_content_rank,20,452,0.05436241396039374,5,1.0,0.2,0.2523148148148148
0.2465277777777778,10.0,0.7517209438421081,0.041233880238400564,SoftWeightArtifactReject_raw,-0.004629629629629613,0.1472736059279942,0.28740057349205017,182,1.3893479108810425,artifact_gate_content_rank,20,452,0.050692871979754625,5,1.0,0.2,0.25115740740740744
0.2534722222222222,10.0,0.749862058112183,0.008608327971564411,SWAR_TempScale_SourceVal,0.004629629629629613,0.1511589631051982,0.2620805501937866,182,1.3859879970550537,artifact_gate_content_rank,20,452,0.05381756226089645,5,3.0,0.2,0.2488425925925926
0.2361111111111111,10.0,0.751281621351397,0.04799001953668064,SWAR_LabelSmoothing_eps005,-0.018518518518518528,0.1412417763157895,0.28410112857818604,182,1.3885250091552734,artifact_gate_content_rank,20,452,0.05222681932196023,5,1.0,0.2,0.2488425925925926
0.2361111111111111,10.0,0.7509163650898673,0.04545601374573178,SWAR_LabelSmoothing_eps010,-0.018518518518518528,0.14293258229185002,0.28156712651252747,182,1.3878393173217773,artifact_gate_content_rank,20,452,0.05978569138367008,5,1.0,0.2,0.24537037037037038
0.2569444444444444,10.0,0.7514583045473915,0.03239522998531659,SWAR_BrierMix_lam005,0.009259259259259226,0.14851255932399582,0.28655004501342773,182,1.388826608657837,artifact_gate_content_rank,20,452,0.054004384088899224,5,1.0,0.2,0.2465277777777778
0.2534722222222222,10.0,0.7514313840027815,0.03546445278657808,SWAR_BrierMix_lam010,0.004629629629629613,0.14870863039920104,0.2860311269760132,182,1.3887758255004883,artifact_gate_content_rank,20,452,0.05355602853255061,5,1.0,0.2,0.2523148148148148
0.23958333333333334,10.0,0.7498706330301472,0.03898328397836951,ArtifactReject_raw,-0.013888888888888876,0.15411720062882855,0.2726181447505951,182,1.3858904838562012,artifact_gate_content_rank,20,452,0.053001015935766484,5,1.0,0.2,0.25810185185185186
0.24305555555555555,10.0,0.7503392583164157,0.03368935278720326,NaiveAug,-0.009259259259259264,0.17613095130843198,0.27196356654167175,200,1.3871760368347168,artifact_gate_content_rank,21,452,0.05436241396039374,5,1.0,0.2,0.2523148148148148
0.2673611111111111,10.0,0.7504288423563464,0.0025103025966220494,SoftWeightArtifactReject_raw,0.02314814814814814,0.20311879138958477,0.26987141370773315,182,1.3874776363372803,artifact_gate_content_rank,21,452,0.050692871979754625,5,1.0,0.2,0.25115740740740744
0.2708333333333333,10.0,0.7498663861582033,0.014272799094518007,SWAR_TempScale_SourceVal,0.027777777777777752,0.19158836864264886,0.2565605342388153,182,1.3860529661178589,artifact_gate_content_rank,21,452,0.05381756226089645,5,3.2,0.2,0.2488425925925926
0.2847222222222222,10.0,0.7504572201983571,0.015084518326653362,SWAR_LabelSmoothing_eps005,0.04629629629629628,0.2217725616904253,0.26963770389556885,182,1.3875490427017212,artifact_gate_content_rank,21,452,0.05222681932196023,5,1.0,0.2,0.2488425925925926
0.2673611111111111,10.0,0.7503874315496556,0.003008120589786112,SWAR_LabelSmoothing_eps010,0.02314814814814814,0.19421680113504014,0.2703692317008972,182,1.387368083000183,artifact_gate_content_rank,21,452,0.05978569138367008,5,1.0,0.2,0.24537037037037038
0.2777777777777778,10.0,0.7506283263251027,0.007017778025733112,SWAR_BrierMix_lam005,0.037037037037037056,0.21436396727750112,0.2707599997520447,182,1.3879481554031372,artifact_gate_content_rank,21,452,0.054004384088899224,5,1.0,0.2,0.2465277777777778
0.2847222222222222,10.0,0.7508289634216122,0.013750625981224895,SWAR_BrierMix_lam010,0.04629629629629628,0.22297403201168892,0.2709715962409973,182,1.3884161710739136,artifact_gate_content_rank,21,452,0.05355602853255061,5,1.0,0.2,0.2523148148148148
0.2951388888888889,10.0,0.749803377145039,0.02743371658855015,ArtifactReject_raw,0.060185185185185196,0.2333375216115154,0.26770517230033875,182,1.3860746622085571,artifact_gate_content_rank,21,452,0.053001015935766484,5,1.0,0.2,0.25810185185185186
0.2743055555555556,10.0,0.7505131237334779,0.005645719046394045,NaiveAug,0.03240740740740744,0.2071421756437235,0.2722344994544983,200,1.3874149322509766,artifact_gate_content_rank,22,452,0.05436241396039374,5,1.0,0.2,0.2523148148148148
0.2777777777777778,10.0,0.750238510432186,0.017875692496697092,SoftWeightArtifactReject_raw,0.037037037037037056,0.21843520936158284,0.2678215503692627,182,1.3869324922561646,artifact_gate_content_rank,22,452,0.050692871979754625,5,1.0,0.2,0.25115740740740744
0.28125,10.0,0.749866166218347,0.027400195598602295,SWAR_TempScale_SourceVal,0.041666666666666664,0.2100597777845024,0.2538498044013977,182,1.3860323429107666,artifact_gate_content_rank,22,452,0.05381756226089645,5,4.8500000000000005,0.2,0.2488425925925926
0.28125,10.0,0.75024798391927,0.02138999063107705,SWAR_LabelSmoothing_eps005,0.041666666666666664,0.22528054207716358,0.2677345871925354,182,1.3869611024856567,artifact_gate_content_rank,22,452,0.05222681932196023,5,1.0,0.2,0.2488425925925926
0.2673611111111111,10.0,0.7501536050912775,0.007456631606651694,SWAR_LabelSmoothing_eps010,0.02314814814814814,0.2034443802279922,0.26780298352241516,182,1.3867450952529907,artifact_gate_content_rank,22,452,0.05978569138367008,5,1.0,0.2,0.24537037037037038
0.2708333333333333,10.0,0.750150639075382,0.01402862825327449,SWAR_BrierMix_lam005,0.027777777777777752,0.20249259147243542,0.2690516412258148,182,1.386710524559021,artifact_gate_content_rank,22,452,0.054004384088899224,5,1.0,0.2,0.2465277777777778
0.2777777777777778,10.0,0.7504057673380968,0.01750435152401525,SWAR_BrierMix_lam010,0.037037037037037056,0.21879270155132224,0.2681542634963989,182,1.3873244524002075,artifact_gate_content_rank,22,452,0.05355602853255061,5,1.0,0.2,0.2523148148148148
0.28125,10.0,0.7500722192223036,0.015870687448316163,ArtifactReject_raw,0.041666666666666664,0.22444788168967375,0.2668147087097168,182,1.386614441871643,artifact_gate_content_rank,22,452,0.053001015935766484,5,1.0,0.2,0.25810185185185186
0.2951388888888889,10.0,0.740557643706213,0.04068129799432226,NaiveAug,0.060185185185185196,0.18306451612903224,0.30491384863853455,200,1.368966817855835,artifact_gate_content_rank,20,452,0.05436241396039374,6,1.0,0.2,0.2523148148148148
0.3020833333333333,10.0,0.7407540402447493,0.029970538078082937,SoftWeightArtifactReject_raw,0.06944444444444442,0.1975242995997713,0.30765560269355774,182,1.369249701499939,artifact_gate_content_rank,20,452,0.050692871979754625,6,1.0,0.2,0.25115740740740744
0.2881944444444444,10.0,0.7417459673839033,0.05397870070818398,SWAR_TempScale_SourceVal,0.050925925925925895,0.18123951593577764,0.29611092805862427,182,1.3707808256149292,artifact_gate_content_rank,20,452,0.05381756226089645,6,1.25,0.2,0.2488425925925926
0.3055555555555556,10.0,0.7403685668610476,0.027222925590144262,SWAR_LabelSmoothing_eps005,0.07407407407407411,0.20639298972632306,0.30477556586265564,182,1.3684401512145996,artifact_gate_content_rank,20,452,0.05222681932196023,6,1.0,0.2,0.2488425925925926
0.3090277777777778,10.0,0.7395199351356941,0.0270680491295126,SWAR_LabelSmoothing_eps010,0.07870370370370372,0.21005285566745752,0.2991114556789398,182,1.366690754890442,artifact_gate_content_rank,20,452,0.05978569138367008,6,1.0,0.2,0.24537037037037038
0.2847222222222222,10.0,0.7412757690286885,0.03321845374173588,SWAR_BrierMix_lam005,0.04629629629629628,0.1766630021167801,0.30901214480400085,182,1.3702082633972168,artifact_gate_content_rank,20,452,0.054004384088899224,6,1.0,0.2,0.2465277777777778
0.2916666666666667,10.0,0.740838771832268,0.039780950380696206,SWAR_BrierMix_lam010,0.05555555555555558,0.19202836083063668,0.3073924779891968,182,1.3693616390228271,artifact_gate_content_rank,20,452,0.05355602853255061,6,1.0,0.2,0.2523148148148148
0.2777777777777778,10.0,0.7416025906619811,0.04081291415625149,ArtifactReject_raw,0.037037037037037056,0.1686332718410624,0.309712678194046,182,1.3708128929138184,artifact_gate_content_rank,20,452,0.053001015935766484,6,1.0,0.2,0.25810185185185186
0.2222222222222222,10.0,0.7523342261620906,0.057973713924487434,NaiveAug,-0.037037037037037056,0.18272672476557994,0.2801959216594696,200,1.389406681060791,artifact_gate_content_rank,21,452,0.05436241396039374,6,1.0,0.2,0.2523148148148148
0.2465277777777778,10.0,0.7528031064251087,0.031933007554875485,SoftWeightArtifactReject_raw,-0.004629629629629613,0.20871539448887516,0.2784607708454132,182,1.390682339668274,artifact_gate_content_rank,21,452,0.050692871979754625,6,1.0,0.2,0.25115740740740744
0.2326388888888889,10.0,0.7507613523406731,0.0331819930838214,SWAR_TempScale_SourceVal,-0.02314814814814814,0.20033661137486697,0.2658208906650543,182,1.3874356746673584,artifact_gate_content_rank,21,452,0.05381756226089645,6,1.8,0.2,0.2488425925925926
0.23958333333333334,10.0,0.752428563698255,0.03806618994308842,SWAR_LabelSmoothing_eps005,-0.013888888888888876,0.2138722747763283,0.27764952182769775,182,1.3899105787277222,artifact_gate_content_rank,21,452,0.05222681932196023,6,1.0,0.2,0.2488425925925926
0.2465277777777778,10.0,0.7523307328214336,0.029951161394516628,SWAR_LabelSmoothing_eps010,-0.004629629629629613,0.21413820438643258,0.27647894620895386,182,1.3898617029190063,artifact_gate_content_rank,21,452,0.05978569138367008,6,1.0,0.2,0.24537037037037038
0.2569444444444444,10.0,0.752737078686147,0.022538552681605022,SWAR_BrierMix_lam005,0.009259259259259226,0.211158901763919,0.27948299050331116,182,1.3904175758361816,artifact_gate_content_rank,21,452,0.054004384088899224,6,1.0,0.2,0.2465277777777778
0.23958333333333334,10.0,0.7526309551768208,0.03968047598997752,SWAR_BrierMix_lam010,-0.013888888888888876,0.20586949012162026,0.27926385402679443,182,1.390156865119934,artifact_gate_content_rank,21,452,0.05355602853255061,6,1.0,0.2,0.2523148148148148
0.2534722222222222,10.0,0.7524853006962545,0.022562450522349946,ArtifactReject_raw,0.004629629629629613,0.24946389370835576,0.2760346829891205,182,1.3900843858718872,artifact_gate_content_rank,21,452,0.053001015935766484,6,1.0,0.2,0.25810185185185186
0.2881944444444444,10.0,0.7472027853424184,0.039443921504749194,NaiveAug,0.050925925925925895,0.22576765188834155,0.2874354422092438,200,1.3786697387695312,artifact_gate_content_rank,22,452,0.05436241396039374,6,1.0,0.2,0.2523148148148148
0.3090277777777778,10.0,0.7448031556300001,0.03863531930579078,SoftWeightArtifactReject_raw,0.07870370370370372,0.28502136987306476,0.28203749656677246,182,1.3747438192367554,artifact_gate_content_rank,22,452,0.050692871979754625,6,1.0,0.2,0.25115740740740744
0.2916666666666667,10.0,0.7448687442765753,0.01710605062544344,SWAR_TempScale_SourceVal,0.05555555555555558,0.2599020520353107,0.28689444065093994,182,1.3745125532150269,artifact_gate_content_rank,22,452,0.05381756226089645,6,0.9,0.2,0.2488425925925926
0.2881944444444444,10.0,0.7444687083399194,0.0184708387694425,SWAR_LabelSmoothing_eps005,0.050925925925925895,0.2834882595187343,0.2814517021179199,182,1.374004602432251,artifact_gate_content_rank,22,452,0.05222681932196023,6,1.0,0.2,0.2488425925925926
0.2951388888888889,10.0,0.7449895136839808,0.02563377842307093,SWAR_LabelSmoothing_eps010,0.060185185185185196,0.27291176470588235,0.2811828851699829,182,1.3750094175338745,artifact_gate_content_rank,22,452,0.05978569138367008,6,1.0,0.2,0.24537037037037038
0.3125,10.0,0.7443805375927719,0.04109709989279509,SWAR_BrierMix_lam005,0.08333333333333333,0.2865745458527541,0.283284991979599,182,1.3737136125564575,artifact_gate_content_rank,22,452,0.054004384088899224,6,1.0,0.2,0.2465277777777778
0.28125,10.0,0.7449423250208936,0.01132765081193714,SWAR_BrierMix_lam010,0.041666666666666664,0.2744043788686646,0.28172576427459717,182,1.374861717224121,artifact_gate_content_rank,22,452,0.05355602853255061,6,1.0,0.2,0.2523148148148148
0.3090277777777778,10.0,0.7455887909602432,0.04102256583670776,ArtifactReject_raw,0.07870370370370372,0.2976019343452263,0.28244590759277344,182,1.3759504556655884,artifact_gate_content_rank,22,452,0.053001015935766484,6,1.0,0.2,0.25810185185185186
0.3368055555555556,10.0,0.7418573336290074,0.06063186749815941,NaiveAug,0.11574074074074077,0.2687767878235632,0.2761737108230591,200,1.3706940412521362,artifact_gate_content_rank,20,452,0.05436241396039374,7,1.0,0.2,0.2523148148148148
0.2881944444444444,10.0,0.7407227769250676,0.08597356826066971,SoftWeightArtifactReject_raw,0.050925925925925895,0.1782091503267974,0.281678169965744,182,1.3688085079193115,artifact_gate_content_rank,20,452,0.050692871979754625,7,1.0,0.2,0.25115740740740744
0.2847222222222222,10.0,0.7441301723607524,0.015824314413799175,SWAR_TempScale_SourceVal,0.04629629629629628,0.1729961215255333,0.2688978910446167,182,1.3749922513961792,artifact_gate_content_rank,20,452,0.05381756226089645,7,1.7000000000000002,0.2,0.2488425925925926
0.2847222222222222,10.0,0.7409713277880867,0.08567544352263212,SWAR_LabelSmoothing_eps005,0.04629629629629628,0.1729961215255333,0.28210437297821045,182,1.3692936897277832,artifact_gate_content_rank,20,452,0.05222681932196023,7,1.0,0.2,0.2488425925925926
0.2881944444444444,10.0,0.7408860593033917,0.07819556817412376,SWAR_LabelSmoothing_eps010,0.050925925925925895,0.17786319218241042,0.28110331296920776,182,1.369111180305481,artifact_gate_content_rank,20,452,0.05978569138367008,7,1.0,0.2,0.24537037037037038
0.2916666666666667,10.0,0.7407678569466367,0.08400737339009842,SWAR_BrierMix_lam005,0.05555555555555558,0.17690202517788725,0.2822425663471222,182,1.3689017295837402,artifact_gate_content_rank,20,452,0.054004384088899224,7,1.0,0.2,0.2465277777777778
0.2916666666666667,10.0,0.7408804891440014,0.08440100753472911,SWAR_BrierMix_lam010,0.05555555555555558,0.1771601541001651,0.2827991843223572,182,1.369147539138794,artifact_gate_content_rank,20,452,0.05355602853255061,7,1.0,0.2,0.2523148148148148
0.3055555555555556,10.0,0.7421505814793926,0.04173778556287291,ArtifactReject_raw,0.07407407407407411,0.22460630240516388,0.27612173557281494,182,1.3712719678878784,artifact_gate_content_rank,20,452,0.053001015935766484,7,1.0,0.2,0.25810185185185186
0.2986111111111111,10.0,0.7433527419702421,0.020545722502801164,NaiveAug,0.06481481481481481,0.2163459221727413,0.2802946865558624,200,1.3731211423873901,artifact_gate_content_rank,21,452,0.05436241396039374,7,1.0,0.2,0.2523148148148148
0.2916666666666667,10.0,0.7424493277534312,0.031179428928428225,SoftWeightArtifactReject_raw,0.05555555555555558,0.21596211367129176,0.279926061630249,182,1.3712425231933594,artifact_gate_content_rank,21,452,0.050692871979754625,7,1.0,0.2,0.25115740740740744
0.2986111111111111,10.0,0.7459877131499043,0.03546602196163601,SWAR_TempScale_SourceVal,0.06481481481481481,0.21688301116405395,0.2631450891494751,182,1.3783162832260132,artifact_gate_content_rank,21,452,0.05381756226089645,7,2.3,0.2,0.2488425925925926
0.3020833333333333,10.0,0.7425874082235486,0.022764327004551884,SWAR_LabelSmoothing_eps005,0.06944444444444442,0.22364902566084652,0.27931901812553406,182,1.3715554475784302,artifact_gate_content_rank,21,452,0.05222681932196023,7,1.0,0.2,0.2488425925925926
0.3020833333333333,10.0,0.7423449350088135,0.025527719511753973,SWAR_LabelSmoothing_eps010,0.06944444444444442,0.23786486950549451,0.2765556573867798,182,1.3710839748382568,artifact_gate_content_rank,21,452,0.05978569138367008,7,1.0,0.2,0.24537037037037038
0.2881944444444444,10.0,0.7428907294337951,0.03217135928571223,SWAR_BrierMix_lam005,0.050925925925925895,0.20062611806797853,0.2809370458126068,182,1.3720937967300415,artifact_gate_content_rank,21,452,0.054004384088899224,7,1.0,0.2,0.2465277777777778
0.2881944444444444,10.0,0.7429894987674461,0.034131518668598586,SWAR_BrierMix_lam010,0.050925925925925895,0.20113219094247248,0.2826802432537079,182,1.372273564338684,artifact_gate_content_rank,21,452,0.05355602853255061,7,1.0,0.2,0.2523148148148148
0.3298611111111111,10.0,0.742612443422201,0.051449160195059226,ArtifactReject_raw,0.10648148148148147,0.24842788790157214,0.27841195464134216,182,1.3720004558563232,artifact_gate_content_rank,21,452,0.053001015935766484,7,1.0,0.2,0.25810185185185186
0.2604166666666667,10.0,0.7406647490987237,0.1394531958632999,NaiveAug,0.013888888888888914,0.13407928388746804,0.2903319001197815,200,1.3690553903579712,artifact_gate_content_rank,22,452,0.05436241396039374,7,1.0,0.2,0.2523148148148148
0.3090277777777778,10.0,0.7421015706191667,0.04434484895318746,SoftWeightArtifactReject_raw,0.07870370370370372,0.22139514187232617,0.2872658371925354,182,1.3712668418884277,artifact_gate_content_rank,22,452,0.050692871979754625,7,1.0,0.2,0.25115740740740744
0.3125,10.0,0.7464930834760702,0.050847381353378296,SWAR_TempScale_SourceVal,0.08333333333333333,0.22621638594016139,0.2616526186466217,182,1.3793859481811523,artifact_gate_content_rank,22,452,0.05381756226089645,7,3.25,0.2,0.2488425925925926
0.3159722222222222,10.0,0.7415564412042911,0.058354316486252666,SWAR_LabelSmoothing_eps005,0.08796296296296295,0.22653907889171193,0.2872522175312042,182,1.3702536821365356,artifact_gate_content_rank,22,452,0.05222681932196023,7,1.0,0.2,0.2488425925925926
0.3090277777777778,10.0,0.741612134165353,0.05345910435749424,SWAR_LabelSmoothing_eps010,0.07870370370370372,0.22432367301780792,0.2843668460845947,182,1.3702722787857056,artifact_gate_content_rank,22,452,0.05978569138367008,7,1.0,0.2,0.24537037037037038
0.3125,10.0,0.7415482451648262,0.0737093955071436,SWAR_BrierMix_lam005,0.08333333333333333,0.2258891902363425,0.288692831993103,182,1.3703032732009888,artifact_gate_content_rank,22,452,0.054004384088899224,7,1.0,0.2,0.2465277777777778
0.3055555555555556,10.0,0.7418904821214299,0.07540418280081615,SWAR_BrierMix_lam010,0.07407407407407411,0.21296296296296297,0.2882084250450134,182,1.3709354400634766,artifact_gate_content_rank,22,452,0.05355602853255061,7,1.0,0.2,0.2523148148148148
0.2916666666666667,10.0,0.7416461475772409,0.09306840433014765,ArtifactReject_raw,0.05555555555555558,0.18814838296629185,0.2878248989582062,182,1.370706558227539,artifact_gate_content_rank,22,452,0.053001015935766484,7,1.0,0.2,0.25810185185185186
0.3229166666666667,10.0,0.7396870664623478,0.04055123858981663,NaiveAug,0.09722222222222225,0.21266929042713278,0.30999869108200073,200,1.3655024766921997,artifact_gate_content_rank,20,452,0.05436241396039374,8,1.0,0.2,0.2523148148148148
0.3125,10.0,0.7402664959191306,0.011652162091599581,SoftWeightArtifactReject_raw,0.08333333333333333,0.20699770545702179,0.3017995059490204,182,1.365519404411316,artifact_gate_content_rank,20,452,0.050692871979754625,8,1.0,0.2,0.25115740740740744
0.3090277777777778,10.0,0.74559595422861,0.04348941312895882,SWAR_TempScale_SourceVal,0.07870370370370372,0.19960318794912457,0.26553836464881897,182,1.377367377281189,artifact_gate_content_rank,20,452,0.05381756226089645,8,3.25,0.2,0.2488425925925926
0.3090277777777778,10.0,0.7400409254567885,0.011674949899315848,SWAR_LabelSmoothing_eps005,0.07870370370370372,0.20619483025480528,0.3008858263492584,182,1.365080714225769,artifact_gate_content_rank,20,452,0.05222681932196023,8,1.0,0.2,0.2488425925925926
0.3090277777777778,10.0,0.7396679130169588,0.017973929643630978,SWAR_LabelSmoothing_eps010,0.07870370370370372,0.21197560535679566,0.29964280128479004,182,1.3645201921463013,artifact_gate_content_rank,20,452,0.05978569138367008,8,1.0,0.2,0.24537037037037038
0.3055555555555556,10.0,0.7399643843947499,0.015392421020401836,SWAR_BrierMix_lam005,0.07407407407407411,0.20667736660408215,0.3006235957145691,182,1.3650081157684326,artifact_gate_content_rank,20,452,0.054004384088899224,8,1.0,0.2,0.2465277777777778
0.3020833333333333,10.0,0.7402865560415357,0.02238534059789446,SWAR_BrierMix_lam010,0.06944444444444442,0.1975368668917056,0.30223384499549866,182,1.3655469417572021,artifact_gate_content_rank,20,452,0.05355602853255061,8,1.0,0.2,0.2523148148148148
0.3263888888888889,10.0,0.7381341867113748,0.03726455465786988,ArtifactReject_raw,0.10185185185185186,0.22445161576507638,0.29771775007247925,182,1.3625062704086304,artifact_gate_content_rank,20,452,0.053001015935766484,8,1.0,0.2,0.25810185185185186
0.2777777777777778,10.0,0.7400692084082543,0.020284977224138075,NaiveAug,0.037037037037037056,0.24392786663896968,0.2785080373287201,200,1.3649879693984985,artifact_gate_content_rank,21,452,0.05436241396039374,8,1.0,0.2,0.2523148148148148
0.3159722222222222,10.0,0.7399562237499767,0.03676313772383662,SoftWeightArtifactReject_raw,0.08796296296296295,0.2558945403230572,0.27920907735824585,182,1.3654450178146362,artifact_gate_content_rank,21,452,0.050692871979754625,8,1.0,0.2,0.25115740740740744
0.3263888888888889,10.0,0.7462468251561617,0.0683702462249332,SWAR_TempScale_SourceVal,0.10185185185185186,0.27327623357035125,0.2580186426639557,182,1.3787102699279785,artifact_gate_content_rank,21,452,0.05381756226089645,8,3.45,0.2,0.2488425925925926
0.3194444444444444,10.0,0.7397159423938041,0.040944827927483454,SWAR_LabelSmoothing_eps005,0.09259259259259256,0.25794672971852367,0.27849963307380676,182,1.365041732788086,artifact_gate_content_rank,21,452,0.05222681932196023,8,1.0,0.2,0.2488425925925926
0.3298611111111111,10.0,0.7402993892440205,0.05205528541571565,SWAR_LabelSmoothing_eps010,0.10648148148148147,0.2833775615509362,0.2778058350086212,182,1.3660002946853638,artifact_gate_content_rank,21,452,0.05978569138367008,8,1.0,0.2,0.24537037037037038
0.3576388888888889,10.0,0.7396136766393661,0.08228287597497302,SWAR_BrierMix_lam005,0.14351851851851852,0.3345307990944022,0.2753560245037079,182,1.3646899461746216,artifact_gate_content_rank,21,452,0.054004384088899224,8,1.0,0.2,0.2465277777777778
0.3611111111111111,10.0,0.7395759348181845,0.08603765370531218,SWAR_BrierMix_lam010,0.14814814814814814,0.3408589111622518,0.27507346868515015,182,1.3645703792572021,artifact_gate_content_rank,21,452,0.05355602853255061,8,1.0,0.2,0.2523148148148148
0.3333333333333333,10.0,0.7396668987894512,0.05690549976295896,ArtifactReject_raw,0.11111111111111109,0.28288038220655426,0.27642786502838135,182,1.3650258779525757,artifact_gate_content_rank,21,452,0.053001015935766484,8,1.0,0.2,0.25810185185185186
0.3472222222222222,10.0,0.7364304227948826,0.0541491543667184,NaiveAug,0.12962962962962962,0.2528810511451392,0.29307305812835693,200,1.3612874746322632,artifact_gate_content_rank,22,452,0.05436241396039374,8,1.0,0.2,0.2523148148148148
0.3680555555555556,10.0,0.7349423303567882,0.08694213101019463,SoftWeightArtifactReject_raw,0.15740740740740744,0.2898279206280668,0.2811134457588196,182,1.3569468259811401,artifact_gate_content_rank,22,452,0.050692871979754625,8,1.0,0.2,0.25115740740740744
0.3645833333333333,10.0,0.7430272336333885,0.10154544500013195,SWAR_TempScale_SourceVal,0.15277777777777776,0.2829070443770215,0.26303789019584656,182,1.3725377321243286,artifact_gate_content_rank,22,452,0.05381756226089645,8,2.35,0.2,0.2488425925925926
0.3715277777777778,10.0,0.7346849642051771,0.09268694226112631,SWAR_LabelSmoothing_eps005,0.16203703703703706,0.3174450408163669,0.2788408696651459,182,1.3562556505203247,artifact_gate_content_rank,22,452,0.05222681932196023,8,1.0,0.2,0.2488425925925926
0.3541666666666667,10.0,0.7353317453576174,0.07377056446340348,SWAR_LabelSmoothing_eps010,0.13888888888888892,0.2888452195248773,0.28039610385894775,182,1.3575042486190796,artifact_gate_content_rank,22,452,0.05978569138367008,8,1.0,0.2,0.24537037037037038
0.3645833333333333,10.0,0.7346870458461345,0.08233265454570451,SWAR_BrierMix_lam005,0.15277777777777776,0.2913831768645433,0.28225064277648926,182,1.3564684391021729,artifact_gate_content_rank,22,452,0.054004384088899224,8,1.0,0.2,0.2465277777777778
0.375,10.0,0.7347818535069098,0.09488983307447696,SWAR_BrierMix_lam010,0.16666666666666666,0.31096007982436014,0.2801102101802826,182,1.3565068244934082,artifact_gate_content_rank,22,452,0.05355602853255061,8,1.0,0.2,0.2523148148148148
0.3645833333333333,10.0,0.7349299058221984,0.08367077437125975,ArtifactReject_raw,0.15277777777777776,0.30074945665218467,0.2809125483036041,182,1.3573479652404785,artifact_gate_content_rank,22,452,0.053001015935766484,8,1.0,0.2,0.25810185185185186
0.4583333333333333,10.0,0.7149445845289926,0.1613298085414701,NaiveAug,0.27777777777777773,0.35289574961660164,0.2986217737197876,200,1.3209691047668457,artifact_gate_content_rank,20,452,0.05436241396039374,9,1.0,0.2,0.2523148148148148
0.4513888888888889,10.0,0.712584660594898,0.15704960541592705,SoftWeightArtifactReject_raw,0.26851851851851855,0.3752266371111872,0.29433926939964294,182,1.3150986433029175,artifact_gate_content_rank,20,452,0.050692871979754625,9,1.0,0.2,0.25115740740740744
0.4513888888888889,10.0,0.7399507655426675,0.1905730598502689,SWAR_TempScale_SourceVal,0.26851851851851855,0.3663144434757338,0.26081582903862,182,1.3664922714233398,artifact_gate_content_rank,20,452,0.05381756226089645,9,3.95,0.2,0.2488425925925926
0.4583333333333333,10.0,0.7136807417267389,0.16620126480443612,SWAR_LabelSmoothing_eps005,0.27777777777777773,0.37573054964359315,0.2936931550502777,182,1.3171495199203491,artifact_gate_content_rank,20,452,0.05222681932196023,9,1.0,0.2,0.2488425925925926
0.4548611111111111,10.0,0.7133734110249882,0.162694168691006,SWAR_LabelSmoothing_eps010,0.27314814814814814,0.3645629192844497,0.2937670648097992,182,1.3167247772216797,artifact_gate_content_rank,20,452,0.05978569138367008,9,1.0,0.2,0.24537037037037038
0.4479166666666667,10.0,0.7127686633230645,0.15334701010336474,SWAR_BrierMix_lam005,0.2638888888888889,0.378904420654748,0.29456964135169983,182,1.3154404163360596,artifact_gate_content_rank,20,452,0.054004384088899224,9,1.0,0.2,0.2465277777777778
0.4583333333333333,10.0,0.7129319653997133,0.16637170573489532,SWAR_BrierMix_lam010,0.27777777777777773,0.3824270402257257,0.29359766840934753,182,1.3156768083572388,artifact_gate_content_rank,20,452,0.05355602853255061,9,1.0,0.2,0.2523148148148148
0.4305555555555556,10.0,0.7132764928842846,0.13174540497776532,ArtifactReject_raw,0.24074074074074078,0.3544986021405565,0.2988101541996002,182,1.3172078132629395,artifact_gate_content_rank,20,452,0.053001015935766484,9,1.0,0.2,0.25810185185185186
0.4097222222222222,10.0,0.7236687803887798,0.12966868860854042,NaiveAug,0.21296296296296294,0.36401703561058274,0.2800534963607788,200,1.334941029548645,artifact_gate_content_rank,21,452,0.05436241396039374,9,1.0,0.2,0.2523148148148148
0.3923611111111111,10.0,0.7281558018437259,0.10192533261660075,SoftWeightArtifactReject_raw,0.1898148148148148,0.2767672286305827,0.2904357612133026,182,1.3429638147354126,artifact_gate_content_rank,21,452,0.050692871979754625,9,1.0,0.2,0.25115740740740744
0.3958333333333333,10.0,0.7450493945838473,0.13807990153630573,SWAR_TempScale_SourceVal,0.19444444444444442,0.27741622146673145,0.2577534317970276,182,1.3764264583587646,artifact_gate_content_rank,21,452,0.05381756226089645,9,5.0,0.2,0.2488425925925926
0.3923611111111111,10.0,0.7279436208959739,0.10287124146189952,SWAR_LabelSmoothing_eps005,0.1898148148148148,0.2745850698252541,0.28948986530303955,182,1.3426710367202759,artifact_gate_content_rank,21,452,0.05222681932196023,9,1.0,0.2,0.2488425925925926
0.3958333333333333,10.0,0.7278929122851143,0.11031629890203476,SWAR_LabelSmoothing_eps010,0.19444444444444442,0.2767198199724151,0.28551703691482544,182,1.342323660850525,artifact_gate_content_rank,21,452,0.05978569138367008,9,1.0,0.2,0.24537037037037038
0.3923611111111111,10.0,0.7278569031694659,0.10512811980313727,SWAR_BrierMix_lam005,0.1898148148148148,0.2745850698252541,0.28723302483558655,182,1.3422592878341675,artifact_gate_content_rank,21,452,0.054004384088899224,9,1.0,0.2,0.2465277777777778
0.3993055555555556,10.0,0.7273169107680536,0.11260049189958307,SWAR_BrierMix_lam010,0.1990740740740741,0.2781636172047131,0.2867051064968109,182,1.341416835784912,artifact_gate_content_rank,21,452,0.05355602853255061,9,1.0,0.2,0.2523148148148148
0.4479166666666667,10.0,0.7255795423846337,0.16500272819151485,ArtifactReject_raw,0.2638888888888889,0.3165844843274254,0.2829139530658722,182,1.3394721746444702,artifact_gate_content_rank,21,452,0.053001015935766484,9,1.0,0.2,0.25810185185185186
0.4236111111111111,10.0,0.7093504538025465,0.11096665801273456,NaiveAug,0.23148148148148148,0.3159022816945989,0.31264448165893555,200,1.31288743019104,artifact_gate_content_rank,22,452,0.05436241396039374,9,1.0,0.2,0.2523148148148148
0.3854166666666667,10.0,0.7087006343404494,0.09215441501388949,SoftWeightArtifactReject_raw,0.18055555555555558,0.31240703177822854,0.29624679684638977,182,1.3069605827331543,artifact_gate_content_rank,22,452,0.050692871979754625,9,1.0,0.2,0.25115740740740744
0.4201388888888889,10.0,0.7353528469600277,0.15530435699555606,SWAR_TempScale_SourceVal,0.22685185185185186,0.3633279904555625,0.26483452320098877,182,1.3575316667556763,artifact_gate_content_rank,22,452,0.05381756226089645,9,3.1,0.2,0.2488425925925926
0.3958333333333333,10.0,0.7083954436545051,0.10013102698657247,SWAR_LabelSmoothing_eps005,0.19444444444444442,0.3407810393342013,0.2957023084163666,182,1.3063032627105713,artifact_gate_content_rank,22,452,0.05222681932196023,9,1.0,0.2,0.2488425925925926
0.4618055555555556,10.0,0.7093488414084568,0.1675170397178994,SWAR_LabelSmoothing_eps010,0.28240740740740744,0.4119058099041566,0.2942885160446167,182,1.308511734008789,artifact_gate_content_rank,22,452,0.05978569138367008,9,1.0,0.2,0.24537037037037038
0.4340277777777778,10.0,0.7077715198415205,0.1357798141737779,SWAR_BrierMix_lam005,0.24537037037037038,0.3803699448194625,0.29824796319007874,182,1.3059659004211426,artifact_gate_content_rank,22,452,0.054004384088899224,9,1.0,0.2,0.2465277777777778
0.40625,10.0,0.7082337660694489,0.10925550676054425,SWAR_BrierMix_lam010,0.20833333333333334,0.34308796382955087,0.29699450731277466,182,1.3064643144607544,artifact_gate_content_rank,22,452,0.05355602853255061,9,1.0,0.2,0.2523148148148148
0.40625,10.0,0.7089763090600942,0.10236680787056682,ArtifactReject_raw,0.20833333333333334,0.33627082411912135,0.3038831949234009,182,1.3095499277114868,artifact_gate_content_rank,22,452,0.053001015935766484,9,1.0,0.2,0.25810185185185186
