target_subject,seed,comparison,delta_balanced_accuracy,delta_macro_f1,delta_ece,delta_nll,delta_brier,win_macro_f1
90,20,RiskMixed_SAS-Cert-v2-full-vs-RiskMixed_NaiveAug_LS010,0.02941176470588236,0.028900760808655557,-0.06125239985329764,-0.09310008875524706,-0.05954780429601669,1
90,20,RiskMixed_SAS-Cert-v2-full-vs-RiskMixed_CU-v1.3,0.0,0.0,-0.021950050762721468,-0.052619882005508156,-0.029894530773162842,0
90,21,RiskMixed_SAS-Cert-v2-full-vs-RiskMixed_NaiveAug_LS010,-0.02777777777777779,-0.02857142857142858,0.029513064452580028,0.03844219676616912,0.024574601091444492,0
90,21,RiskMixed_SAS-Cert-v2-full-vs-RiskMixed_CU-v1.3,-0.02777777777777779,-0.02857142857142858,0.031078161512102388,0.040352129322387506,0.025679927319288254,0
90,22,RiskMixed_SAS-Cert-v2-full-vs-RiskMixed_NaiveAug_LS010,0.0,0.0,0.03718126671654838,0.017372841530462146,0.006815865635871887,0
90,22,RiskMixed_SAS-Cert-v2-full-vs-RiskMixed_CU-v1.3,0.0,0.0,0.018536044870104115,0.006285204725976823,0.00026986002922058105,0
90,23,RiskMixed_SAS-Cert-v2-full-vs-RiskMixed_NaiveAug_LS010,0.0,0.0,0.006141505922589968,-0.021009154343398034,-0.009205445647239685,0
90,23,RiskMixed_SAS-Cert-v2-full-vs-RiskMixed_CU-v1.3,0.0,0.0,0.007857573032379148,-0.01584000790281101,-0.006444230675697327,0
90,24,RiskMixed_SAS-Cert-v2-full-vs-RiskMixed_NaiveAug_LS010,-0.02941176470588236,-0.028900760808655557,0.032675230503082284,0.03013917895976917,0.014717742800712585,0
90,24,RiskMixed_SAS-Cert-v2-full-vs-RiskMixed_CU-v1.3,0.0,0.0,0.01526219674519131,0.01851932015061769,0.008438125252723694,0
91,20,RiskMixed_SAS-Cert-v2-full-vs-RiskMixed_NaiveAug_LS010,0.0016339869281045694,-0.0011287409700722062,0.020036561148507298,0.1745000228520991,0.008372575044631958,0
91,20,RiskMixed_SAS-Cert-v2-full-vs-RiskMixed_CU-v1.3,0.02941176470588225,0.02795783223414805,0.010323204313005735,0.14947008080960156,0.004728555679321289,1
91,21,RiskMixed_SAS-Cert-v2-full-vs-RiskMixed_NaiveAug_LS010,-0.08823529411764697,-0.08961671683413741,-0.02420139993940082,0.09438411954078091,0.03972509503364563,0
91,21,RiskMixed_SAS-Cert-v2-full-vs-RiskMixed_CU-v1.3,-0.08823529411764697,-0.08961671683413741,-0.017313696656908295,0.08960592922541599,0.03835849463939667,0
91,22,RiskMixed_SAS-Cert-v2-full-vs-RiskMixed_NaiveAug_LS010,-0.05882352941176472,-0.057985257985258,-0.021474713938576806,-0.06343004905617378,-0.02526804804801941,0
91,22,RiskMixed_SAS-Cert-v2-full-vs-RiskMixed_CU-v1.3,0.0,0.0,0.00577782562800816,0.010485609603887114,0.004099637269973755,0
91,23,RiskMixed_SAS-Cert-v2-full-vs-RiskMixed_NaiveAug_LS010,0.02777777777777768,0.027646815550041448,0.019460248095648613,-0.056952908243275036,-0.013669610023498535,1
91,23,RiskMixed_SAS-Cert-v2-full-vs-RiskMixed_CU-v1.3,-0.0016339869281045694,-0.0023026315789472784,0.010070524896894167,-0.038723196097734114,-0.014757335186004639,0
91,24,RiskMixed_SAS-Cert-v2-full-vs-RiskMixed_NaiveAug_LS010,-0.02941176470588225,-0.030515839641154896,0.029596778324672154,0.15063171055783586,0.029224634170532227,0
91,24,RiskMixed_SAS-Cert-v2-full-vs-RiskMixed_CU-v1.3,-0.02941176470588225,-0.030515839641154896,0.0016409822872706925,0.13501729955062375,0.027542799711227417,0
92,20,RiskMixed_SAS-Cert-v2-full-vs-RiskMixed_NaiveAug_LS010,-0.06000000000000005,-0.06348162475822039,-0.004339523137883952,0.0025899886617824774,-0.009740382432937622,0
92,20,RiskMixed_SAS-Cert-v2-full-vs-RiskMixed_CU-v1.3,-0.06000000000000005,-0.06348162475822039,-0.01345424132144199,0.0036121436666136097,-0.007915094494819641,0
92,21,RiskMixed_SAS-Cert-v2-full-vs-RiskMixed_NaiveAug_LS010,0.0027272727272726893,0.001912901912901832,-0.032578417595396675,-0.032114447399344326,-0.021036460995674133,1
92,21,RiskMixed_SAS-Cert-v2-full-vs-RiskMixed_CU-v1.3,0.0027272727272726893,0.001912901912901832,-0.026995004491603136,-0.04295002151052807,-0.028880342841148376,1
92,22,RiskMixed_SAS-Cert-v2-full-vs-RiskMixed_NaiveAug_LS010,-0.022727272727272707,-0.022500585777161852,0.006464518131093791,0.01590031804005909,0.01761464774608612,0
92,22,RiskMixed_SAS-Cert-v2-full-vs-RiskMixed_CU-v1.3,-0.022727272727272707,-0.022500585777161852,0.02338953284507103,0.012295170683209955,0.017304956912994385,0
92,23,RiskMixed_SAS-Cert-v2-full-vs-RiskMixed_NaiveAug_LS010,0.0,0.0,0.028509202155661065,0.02963626850178036,0.0011470168828964233,0
92,23,RiskMixed_SAS-Cert-v2-full-vs-RiskMixed_CU-v1.3,0.0,0.0,0.023786606940817315,0.02219954856035744,0.0006629526615142822,0
92,24,RiskMixed_SAS-Cert-v2-full-vs-RiskMixed_NaiveAug_LS010,-0.042727272727272725,-0.042727272727272725,-0.017681478185856594,-0.0036373857980050994,0.0013885796070098877,0
92,24,RiskMixed_SAS-Cert-v2-full-vs-RiskMixed_CU-v1.3,-0.020000000000000018,-0.02102267545496006,0.0029932793150556913,-0.004103156651584783,0.0010247230529785156,0
93,20,RiskMixed_SAS-Cert-v2-full-vs-RiskMixed_NaiveAug_LS010,0.08823529411764708,0.07872503840245781,0.0006177919251578734,0.009745665944017379,-0.034794390201568604,1
93,20,RiskMixed_SAS-Cert-v2-full-vs-RiskMixed_CU-v1.3,0.0,0.0,-0.02871555515698021,-0.010533281042578668,-0.016786277294158936,0
93,21,RiskMixed_SAS-Cert-v2-full-vs-RiskMixed_NaiveAug_LS010,0.0,0.0,0.012363762514931875,0.04270594003714323,0.01262354850769043,0
93,21,RiskMixed_SAS-Cert-v2-full-vs-RiskMixed_CU-v1.3,0.0,0.0,0.012130437578473818,0.049318383699671786,0.01149606704711914,0
93,22,RiskMixed_SAS-Cert-v2-full-vs-RiskMixed_NaiveAug_LS010,0.10130718954248363,0.11534284537317907,0.03872283611978805,0.06587832380494574,0.03192579746246338,1
93,22,RiskMixed_SAS-Cert-v2-full-vs-RiskMixed_CU-v1.3,0.10130718954248363,0.11534284537317907,0.030752879806927313,0.08359522195912172,0.04507166147232056,1
93,23,RiskMixed_SAS-Cert-v2-full-vs-RiskMixed_NaiveAug_LS010,0.0016339869281045694,-0.010648863505475448,0.07760805913380209,0.539048055084235,0.14837247133255005,0
93,23,RiskMixed_SAS-Cert-v2-full-vs-RiskMixed_CU-v1.3,0.0016339869281045694,-0.010648863505475448,0.0782121385846819,0.5402967743884032,0.14995533227920532,0
93,24,RiskMixed_SAS-Cert-v2-full-vs-RiskMixed_NaiveAug_LS010,0.0,0.0,-0.002279175179345283,0.05258859216751688,-0.021994948387145996,0
93,24,RiskMixed_SAS-Cert-v2-full-vs-RiskMixed_CU-v1.3,0.0,0.0,0.0010229434285845551,0.07011908416797397,-0.016784071922302246,0
94,20,RiskMixed_SAS-Cert-v2-full-vs-RiskMixed_NaiveAug_LS010,-0.05555555555555558,-0.05718954248366015,0.028381406409399818,-0.056228027046920204,0.04928770661354065,0
94,20,RiskMixed_SAS-Cert-v2-full-vs-RiskMixed_CU-v1.3,-0.05555555555555558,-0.05718954248366015,0.030138554743358026,-0.045907388191034015,0.046713292598724365,0
94,21,RiskMixed_SAS-Cert-v2-full-vs-RiskMixed_NaiveAug_LS010,0.0,0.0,0.022815654107502525,0.04199225855485067,0.024263083934783936,0
94,21,RiskMixed_SAS-Cert-v2-full-vs-RiskMixed_CU-v1.3,0.0,0.0,-0.04243387792791642,0.030508149419592345,0.015581190586090088,0
94,22,RiskMixed_SAS-Cert-v2-full-vs-RiskMixed_NaiveAug_LS010,-0.08006535947712412,-0.08298525798525813,0.04302168829100472,0.129409017624025,0.11981889605522156,0
94,22,RiskMixed_SAS-Cert-v2-full-vs-RiskMixed_CU-v1.3,-0.08006535947712412,-0.08298525798525813,0.06358126487050739,0.12433781018603396,0.12023380398750305,0
94,23,RiskMixed_SAS-Cert-v2-full-vs-RiskMixed_NaiveAug_LS010,0.05718954248366015,0.05733005733005725,0.031010160275867976,0.101069742951992,0.02509292960166931,1
94,23,RiskMixed_SAS-Cert-v2-full-vs-RiskMixed_CU-v1.3,0.05718954248366015,0.05733005733005725,0.04640769788197108,0.10712405524616997,0.039086610078811646,1
94,24,RiskMixed_SAS-Cert-v2-full-vs-RiskMixed_NaiveAug_LS010,0.0,0.0,-0.028305785145078366,-0.0697889781304788,0.003564178943634033,0
94,24,RiskMixed_SAS-Cert-v2-full-vs-RiskMixed_CU-v1.3,0.0,0.0,-0.0018463500908442732,-0.0546721255265844,0.004541635513305664,0
95,20,RiskMixed_SAS-Cert-v2-full-vs-RiskMixed_NaiveAug_LS010,0.02941176470588236,0.03731410708154903,-0.02440658296857562,-0.05505089910720329,-0.04338392615318298,1
95,20,RiskMixed_SAS-Cert-v2-full-vs-RiskMixed_CU-v1.3,0.0,0.0,0.02300993289266312,-0.04143835051881639,-0.035359710454940796,0
95,21,RiskMixed_SAS-Cert-v2-full-vs-RiskMixed_NaiveAug_LS010,-0.0016339869281046804,0.0018812349501203807,0.011292353698185598,-0.06411013861219905,0.009411662817001343,1
95,21,RiskMixed_SAS-Cert-v2-full-vs-RiskMixed_CU-v1.3,-0.0016339869281046804,0.0018812349501203807,0.01107053075517933,-0.06817267049190778,0.008013308048248291,1
95,22,RiskMixed_SAS-Cert-v2-full-vs-RiskMixed_NaiveAug_LS010,-0.0016339869281045694,0.0019916148948406764,-0.01264143160411288,0.01031548767781143,-0.0009496808052062988,1
95,22,RiskMixed_SAS-Cert-v2-full-vs-RiskMixed_CU-v1.3,-0.0016339869281045694,0.0019916148948406764,-0.04959244387490405,0.013074992937906593,-0.000949174165725708,1
95,23,RiskMixed_SAS-Cert-v2-full-vs-RiskMixed_NaiveAug_LS010,0.02941176470588236,0.027486367946894297,-0.03712906496865409,-0.0921190375307015,-0.027711570262908936,1
95,23,RiskMixed_SAS-Cert-v2-full-vs-RiskMixed_CU-v1.3,0.0,0.0,-0.035888900075639996,-0.08349145204221764,-0.024642527103424072,0
95,24,RiskMixed_SAS-Cert-v2-full-vs-RiskMixed_NaiveAug_LS010,-0.06045751633986929,-0.07585229640743518,0.008079038773264213,-0.012650086120157722,-0.005906581878662109,0
95,24,RiskMixed_SAS-Cert-v2-full-vs-RiskMixed_CU-v1.3,-0.06045751633986929,-0.07585229640743518,-0.01745464333466129,0.010704034746604196,0.0005790591239929199,0
96,20,RiskMixed_SAS-Cert-v2-full-vs-RiskMixed_NaiveAug_LS010,0.0016339869281045694,-0.001504987960096349,0.011895344087055781,-0.03799483067227061,-0.012946784496307373,0
96,20,RiskMixed_SAS-Cert-v2-full-vs-RiskMixed_CU-v1.3,0.0016339869281045694,-0.001504987960096349,-0.0072169278349195065,-0.032309483559045615,-0.011253416538238525,0
96,21,RiskMixed_SAS-Cert-v2-full-vs-RiskMixed_NaiveAug_LS010,0.0,0.0,0.002137909616742817,0.0138629354004281,0.01349601149559021,0
96,21,RiskMixed_SAS-Cert-v2-full-vs-RiskMixed_CU-v1.3,0.0277777777777779,0.029136492952282378,-0.004507975918906101,0.003592198458536089,0.005877852439880371,1
96,22,RiskMixed_SAS-Cert-v2-full-vs-RiskMixed_NaiveAug_LS010,0.0,0.0,0.002651800428118023,-0.008302976125727807,0.005211882293224335,0
96,22,RiskMixed_SAS-Cert-v2-full-vs-RiskMixed_CU-v1.3,0.0,0.0,0.004913720062800803,-0.006965369497844348,0.0064537301659584045,0
96,23,RiskMixed_SAS-Cert-v2-full-vs-RiskMixed_NaiveAug_LS010,-0.08823529411764708,-0.09334751270235142,0.001539594786507753,0.13427560422162255,0.09307518601417542,0
96,23,RiskMixed_SAS-Cert-v2-full-vs-RiskMixed_CU-v1.3,-0.08823529411764708,-0.09334751270235142,0.008523788622447431,0.14550631233894268,0.09864701330661774,0
96,24,RiskMixed_SAS-Cert-v2-full-vs-RiskMixed_NaiveAug_LS010,-0.02614379084967311,-0.031078188099060933,-0.01731456433023726,0.03825200141500146,0.017729759216308594,0
96,24,RiskMixed_SAS-Cert-v2-full-vs-RiskMixed_CU-v1.3,-0.02614379084967311,-0.031078188099060933,-0.015374807800565451,0.03539863943873911,0.016650304198265076,0
97,20,RiskMixed_SAS-Cert-v2-full-vs-RiskMixed_NaiveAug_LS010,0.05392156862745101,0.05038680396123618,-0.007560624820845463,-0.03499959616982884,-0.048119544982910156,1
97,20,RiskMixed_SAS-Cert-v2-full-vs-RiskMixed_CU-v1.3,0.08333333333333337,0.08046622548802629,0.008725885834012681,-0.03369036870683162,-0.04293370246887207,1
97,21,RiskMixed_SAS-Cert-v2-full-vs-RiskMixed_NaiveAug_LS010,-0.05718954248366015,-0.05756578947368429,0.055015438795089716,0.04318431084010743,0.023443907499313354,0
97,21,RiskMixed_SAS-Cert-v2-full-vs-RiskMixed_CU-v1.3,-0.02941176470588236,-0.029843689383163063,0.03044741409165519,0.03874604934623127,0.02073138952255249,0
97,22,RiskMixed_SAS-Cert-v2-full-vs-RiskMixed_NaiveAug_LS010,0.0,0.0,0.016811657803399244,0.021935044095624856,0.015797823667526245,0
97,22,RiskMixed_SAS-Cert-v2-full-vs-RiskMixed_CU-v1.3,0.02941176470588236,0.029843689383163063,0.016043430566787698,0.018715600930871212,0.015278846025466919,1
97,23,RiskMixed_SAS-Cert-v2-full-vs-RiskMixed_NaiveAug_LS010,0.0,0.0,0.030864885023661998,0.024323027258994212,0.015096142888069153,0
97,23,RiskMixed_SAS-Cert-v2-full-vs-RiskMixed_CU-v1.3,0.0,0.0,0.005893037148884339,0.02161643353985382,0.012921035289764404,0
97,24,RiskMixed_SAS-Cert-v2-full-vs-RiskMixed_NaiveAug_LS010,0.026143790849673332,0.03026315789473688,-0.07635534405708314,-0.11829377853346551,-0.07297635078430176,1
97,24,RiskMixed_SAS-Cert-v2-full-vs-RiskMixed_CU-v1.3,0.026143790849673332,0.03026315789473688,-0.08127788305282593,-0.09167420631241757,-0.05409818887710571,1
98,20,RiskMixed_SAS-Cert-v2-full-vs-RiskMixed_NaiveAug_LS010,-0.08823529411764708,-0.0998463901689709,0.09097529053688053,0.0888173650161761,0.049551695585250854,0
98,20,RiskMixed_SAS-Cert-v2-full-vs-RiskMixed_CU-v1.3,-0.11764705882352944,-0.13079573934837097,0.08965780138969426,0.09394808978602831,0.05656746029853821,0
98,21,RiskMixed_SAS-Cert-v2-full-vs-RiskMixed_NaiveAug_LS010,0.0,0.0,-0.0629554118428911,0.09936138674296024,0.0066567063331604,0
98,21,RiskMixed_SAS-Cert-v2-full-vs-RiskMixed_CU-v1.3,0.0,0.0,-0.040141734055110345,0.0852096303050397,0.009235143661499023,0
98,22,RiskMixed_SAS-Cert-v2-full-vs-RiskMixed_NaiveAug_LS010,0.0,0.0,-0.04324115770203729,0.002740596742736967,-0.006345182657241821,0
98,22,RiskMixed_SAS-Cert-v2-full-vs-RiskMixed_CU-v1.3,0.02777777777777779,0.03155500413564938,-0.004894179957253608,-0.0038960220503186926,-0.011768132448196411,1
98,23,RiskMixed_SAS-Cert-v2-full-vs-RiskMixed_NaiveAug_LS010,0.04901960784313719,0.12044085124566162,-0.1679461070469448,-0.18238156667004457,-0.1653308868408203,1
98,23,RiskMixed_SAS-Cert-v2-full-vs-RiskMixed_CU-v1.3,0.04901960784313719,0.12044085124566162,-0.13604463253702442,-0.1774818754033527,-0.1633123755455017,1
98,24,RiskMixed_SAS-Cert-v2-full-vs-RiskMixed_NaiveAug_LS010,0.0032679738562091387,-0.002633728930168555,0.026391416362353648,0.07757800871407072,0.05022233724594116,0
98,24,RiskMixed_SAS-Cert-v2-full-vs-RiskMixed_CU-v1.3,0.03104575163398704,0.025610902255639112,-0.001906483088220945,0.044763862147067845,0.03013521432876587,1
99,20,RiskMixed_SAS-Cert-v2-full-vs-RiskMixed_NaiveAug_LS010,0.03104575163398704,0.033916378793039215,-0.052986240386962896,-0.03944570586739937,-0.009335219860076904,1
99,20,RiskMixed_SAS-Cert-v2-full-vs-RiskMixed_CU-v1.3,0.03104575163398704,0.033916378793039215,-0.0190279620034354,-0.03468588292417829,-0.008164763450622559,1
99,21,RiskMixed_SAS-Cert-v2-full-vs-RiskMixed_NaiveAug_LS010,-0.029411764705882304,-0.027400395047453785,0.020478863375527512,-0.03493276797292466,0.0022689104080200195,0
99,21,RiskMixed_SAS-Cert-v2-full-vs-RiskMixed_CU-v1.3,-0.027777777777777735,-0.028991596638655526,0.017660642521721948,-0.04176548571737382,0.0020945072174072266,0
99,22,RiskMixed_SAS-Cert-v2-full-vs-RiskMixed_NaiveAug_LS010,0.11111111111111105,0.12071369490724337,-0.05232886161123007,0.01890464547569448,-0.012739062309265137,1
99,22,RiskMixed_SAS-Cert-v2-full-vs-RiskMixed_CU-v1.3,0.02450980392156865,0.036904761904761996,-0.03705013138907293,0.020405754616847793,-0.00799638032913208,1
99,23,RiskMixed_SAS-Cert-v2-full-vs-RiskMixed_NaiveAug_LS010,0.05555555555555558,0.0587340587340589,-0.02611986228397911,0.07009237352053088,-0.006178557872772217,1
99,23,RiskMixed_SAS-Cert-v2-full-vs-RiskMixed_CU-v1.3,0.11274509803921562,0.11606411606411615,-0.0575799942016601,0.04291437543615173,-0.01425391435623169,1
99,24,RiskMixed_SAS-Cert-v2-full-vs-RiskMixed_NaiveAug_LS010,0.0032679738562091387,-0.009150326797385588,0.007510550533022242,-0.0652711729836628,-0.03242599964141846,0
99,24,RiskMixed_SAS-Cert-v2-full-vs-RiskMixed_CU-v1.3,0.0032679738562091387,-0.009150326797385588,0.005199995211192576,-0.027019292584248733,-0.02466672658920288,0
100,20,RiskMixed_SAS-Cert-v2-full-vs-RiskMixed_NaiveAug_LS010,0.0,0.0,-0.0034601206962878994,-0.02471430160726873,-0.009283304214477539,0
100,20,RiskMixed_SAS-Cert-v2-full-vs-RiskMixed_CU-v1.3,0.038461538461538436,0.040634228340375445,-0.039966704753729,-0.02179161936339019,-0.008813709020614624,1
100,21,RiskMixed_SAS-Cert-v2-full-vs-RiskMixed_NaiveAug_LS010,-0.07692307692307698,-0.08019480519480537,0.036797667925174415,0.11166566753126553,0.07675781846046448,0
100,21,RiskMixed_SAS-Cert-v2-full-vs-RiskMixed_CU-v1.3,-0.07692307692307698,-0.08019480519480537,0.002035379409790039,0.10977502766850927,0.07498815655708313,0
100,22,RiskMixed_SAS-Cert-v2-full-vs-RiskMixed_NaiveAug_LS010,-0.038461538461538325,-0.03782037552652262,0.027444018767430203,-0.06865057603153016,-0.027057871222496033,0
100,22,RiskMixed_SAS-Cert-v2-full-vs-RiskMixed_CU-v1.3,-0.038461538461538325,-0.03782037552652262,0.028293533967091458,-0.05316106829887726,-0.021929621696472168,0
100,23,RiskMixed_SAS-Cert-v2-full-vs-RiskMixed_NaiveAug_LS010,0.15384615384615385,0.1559220389805096,-0.03255483966607314,-0.18184172510842156,-0.1463761031627655,1
100,23,RiskMixed_SAS-Cert-v2-full-vs-RiskMixed_CU-v1.3,0.11538461538461542,0.11462126079817225,-0.053789415038549004,-0.17936733499441837,-0.1426345407962799,1
100,24,RiskMixed_SAS-Cert-v2-full-vs-RiskMixed_NaiveAug_LS010,-0.038461538461538436,-0.038746438746438794,0.03974590163964492,0.008663428013353625,-0.014066874980926514,0
100,24,RiskMixed_SAS-Cert-v2-full-vs-RiskMixed_CU-v1.3,-0.038461538461538436,-0.038746438746438794,0.03857799332875472,0.010793607560682705,-0.01141628623008728,0
101,20,RiskMixed_SAS-Cert-v2-full-vs-RiskMixed_NaiveAug_LS010,-0.02941176470588236,-0.028665028665028625,-0.02453082799911499,0.0005608740648778976,-0.00010308250784873962,0
101,20,RiskMixed_SAS-Cert-v2-full-vs-RiskMixed_CU-v1.3,-0.02941176470588236,-0.028665028665028625,-0.023213905947549004,0.003019044245046232,0.0024616792798042297,0
101,21,RiskMixed_SAS-Cert-v2-full-vs-RiskMixed_NaiveAug_LS010,0.02941176470588236,0.028900760808655557,0.017921231474195207,-0.013193686770259422,-0.007389150559902191,1
101,21,RiskMixed_SAS-Cert-v2-full-vs-RiskMixed_CU-v1.3,0.0,0.0,-0.00036908217838833857,-0.0022998548387919704,-0.0012982934713363647,0
101,22,RiskMixed_SAS-Cert-v2-full-vs-RiskMixed_NaiveAug_LS010,0.0,0.0,0.009024643046515339,0.00959241985157186,0.004092946648597717,0
101,22,RiskMixed_SAS-Cert-v2-full-vs-RiskMixed_CU-v1.3,0.0,0.0,-0.011445576804024825,0.01576368042218168,0.01007997989654541,0
101,23,RiskMixed_SAS-Cert-v2-full-vs-RiskMixed_NaiveAug_LS010,0.0,0.0,-0.0305060965674264,-0.03868407999260254,-0.021272707730531693,0
101,23,RiskMixed_SAS-Cert-v2-full-vs-RiskMixed_CU-v1.3,0.0,0.0,-0.03126533201762607,-0.04030531248502699,-0.022636905312538147,0
101,24,RiskMixed_SAS-Cert-v2-full-vs-RiskMixed_NaiveAug_LS010,0.0,0.0,-0.020595819609505808,-0.0007187295014423195,0.0014613531529903412,0
101,24,RiskMixed_SAS-Cert-v2-full-vs-RiskMixed_CU-v1.3,0.0,0.0,-0.015999804224286762,0.0043842307858929785,0.0043589286506175995,0
102,20,RiskMixed_SAS-Cert-v2-full-vs-RiskMixed_NaiveAug_LS010,0.0016339869281045694,0.002560647721938092,-0.01563509021486556,-0.07269482386272186,-0.013274401426315308,1
102,20,RiskMixed_SAS-Cert-v2-full-vs-RiskMixed_CU-v1.3,0.0016339869281045694,0.002560647721938092,-0.020219758578709224,-0.06485429056385339,-0.013170123100280762,1
102,21,RiskMixed_SAS-Cert-v2-full-vs-RiskMixed_NaiveAug_LS010,0.0866013071895424,0.08655714538067472,-0.0018233946391513767,0.12784796982625146,0.014120936393737793,1
102,21,RiskMixed_SAS-Cert-v2-full-vs-RiskMixed_CU-v1.3,0.05882352941176461,0.05907077743378064,-0.02104718514851156,0.10940893619119196,0.010886400938034058,1
102,22,RiskMixed_SAS-Cert-v2-full-vs-RiskMixed_NaiveAug_LS010,-0.08006535947712423,-0.10914760914760901,0.06608321666717532,0.14190820531951676,0.07877689599990845,0
102,22,RiskMixed_SAS-Cert-v2-full-vs-RiskMixed_CU-v1.3,-0.08006535947712423,-0.10914760914760901,0.045447906426021006,0.134661854470712,0.07486018538475037,0
102,23,RiskMixed_SAS-Cert-v2-full-vs-RiskMixed_NaiveAug_LS010,-0.05555555555555558,-0.058172458172458086,-0.031281856128147656,0.05806174802205866,0.039400964975357056,0
102,23,RiskMixed_SAS-Cert-v2-full-vs-RiskMixed_CU-v1.3,-0.05555555555555558,-0.058172458172458086,-0.03254300696509224,0.05236036154924295,0.03727424144744873,0
102,24,RiskMixed_SAS-Cert-v2-full-vs-RiskMixed_NaiveAug_LS010,0.08496732026143794,0.08740023445905809,-0.1950818364109313,-1.8130543565604504,-0.3732571005821228,1
102,24,RiskMixed_SAS-Cert-v2-full-vs-RiskMixed_CU-v1.3,0.08496732026143794,0.08740023445905809,-0.1823845718588148,-1.6122805609845636,-0.3611961007118225,1
103,20,RiskMixed_SAS-Cert-v2-full-vs-RiskMixed_NaiveAug_LS010,0.0,0.0,0.01794845802443365,0.03775548034270926,0.008658111095428467,0
103,20,RiskMixed_SAS-Cert-v2-full-vs-RiskMixed_CU-v1.3,0.0,0.0,-0.008822498151234232,0.043283563456780416,0.010026216506958008,0
103,21,RiskMixed_SAS-Cert-v2-full-vs-RiskMixed_NaiveAug_LS010,0.0,0.0,0.0333468905517033,0.08512068703921283,0.007646322250366211,0
103,21,RiskMixed_SAS-Cert-v2-full-vs-RiskMixed_CU-v1.3,0.0,0.0,0.016661963292530585,0.07374288250847294,0.007718116044998169,0
103,22,RiskMixed_SAS-Cert-v2-full-vs-RiskMixed_NaiveAug_LS010,-0.02777777777777779,-0.027486367946894075,0.07221012456076484,0.10583259766250175,0.030432462692260742,0
103,22,RiskMixed_SAS-Cert-v2-full-vs-RiskMixed_CU-v1.3,-0.02777777777777779,-0.027486367946894075,0.0771180467946189,0.09197306055192478,0.026553303003311157,0
103,23,RiskMixed_SAS-Cert-v2-full-vs-RiskMixed_NaiveAug_LS010,-0.02777777777777768,-0.029227088050617467,0.017926228897912233,0.047375912950385346,0.0008512437343597412,0
103,23,RiskMixed_SAS-Cert-v2-full-vs-RiskMixed_CU-v1.3,-0.02777777777777768,-0.029227088050617467,0.019503883804593808,0.05357926894733189,0.00513225793838501,0
103,24,RiskMixed_SAS-Cert-v2-full-vs-RiskMixed_NaiveAug_LS010,0.0016339869281045694,0.004761904761904634,-0.04171173402241296,-0.13321307640432845,-0.03563249111175537,1
103,24,RiskMixed_SAS-Cert-v2-full-vs-RiskMixed_CU-v1.3,0.0016339869281045694,0.004761904761904634,-0.06478649377822873,-0.16300869133139706,-0.041772425174713135,1
104,20,RiskMixed_SAS-Cert-v2-full-vs-RiskMixed_NaiveAug_LS010,0.0,0.0,0.04312877915799618,0.023150132539673796,0.02828967571258545,0
104,20,RiskMixed_SAS-Cert-v2-full-vs-RiskMixed_CU-v1.3,0.0,0.0,0.06826498452574015,0.02483688397796424,0.03167243301868439,0
104,21,RiskMixed_SAS-Cert-v2-full-vs-RiskMixed_NaiveAug_LS010,0.0,0.0022408963585434094,-0.015341909602284431,-0.051934558503881845,-0.04426559805870056,1
104,21,RiskMixed_SAS-Cert-v2-full-vs-RiskMixed_CU-v1.3,0.0,0.0022408963585434094,-0.018407993018627167,-0.050412207070719695,-0.03489995002746582,1
104,22,RiskMixed_SAS-Cert-v2-full-vs-RiskMixed_NaiveAug_LS010,-0.03125,-0.034073453428292155,-0.038752321153879166,-0.002993879699215052,0.016147807240486145,0
104,22,RiskMixed_SAS-Cert-v2-full-vs-RiskMixed_CU-v1.3,-0.03125,-0.034073453428292155,-0.07801094185560942,-0.0055321099934912965,0.014213234186172485,0
104,23,RiskMixed_SAS-Cert-v2-full-vs-RiskMixed_NaiveAug_LS010,0.03125,0.032454361054766734,-0.01766675617545843,0.01748779021001634,-0.014742493629455566,1
104,23,RiskMixed_SAS-Cert-v2-full-vs-RiskMixed_CU-v1.3,0.03125,0.032454361054766734,-0.029500607401132584,0.008961910948124041,-0.009164899587631226,1
104,24,RiskMixed_SAS-Cert-v2-full-vs-RiskMixed_NaiveAug_LS010,0.03125,0.03054453452935435,-0.012979482300579548,0.03879224385345137,0.006942629814147949,1
104,24,RiskMixed_SAS-Cert-v2-full-vs-RiskMixed_CU-v1.3,0.0625,0.06151960784313726,0.0026732459664344788,0.06258793413072306,0.023542314767837524,1
105,20,RiskMixed_SAS-Cert-v2-full-vs-RiskMixed_NaiveAug_LS010,0.0,0.0,0.00019049133573259547,0.00027847407236725186,-0.00028921663761138916,0
105,20,RiskMixed_SAS-Cert-v2-full-vs-RiskMixed_CU-v1.3,0.0,0.0,0.0005477649824959865,0.0007860945016033502,1.3239681720733643e-05,0
105,21,RiskMixed_SAS-Cert-v2-full-vs-RiskMixed_NaiveAug_LS010,0.0,0.0,-0.003927017961229601,0.0012188996991242262,0.006669476628303528,0
105,21,RiskMixed_SAS-Cert-v2-full-vs-RiskMixed_CU-v1.3,0.0,0.0,-0.007007534163338797,0.005021142714145527,0.004827193915843964,0
105,22,RiskMixed_SAS-Cert-v2-full-vs-RiskMixed_NaiveAug_LS010,0.0,0.0,-0.0025690044675554524,-0.004694647091604415,-0.005077684298157692,0
105,22,RiskMixed_SAS-Cert-v2-full-vs-RiskMixed_CU-v1.3,0.0,0.0,0.001624396869114475,-0.00023327321510178967,-0.004025094211101532,0
105,23,RiskMixed_SAS-Cert-v2-full-vs-RiskMixed_NaiveAug_LS010,0.02941176470588236,0.028900760808655557,0.01739727428981236,-0.01634143899775381,-0.011647321283817291,1
105,23,RiskMixed_SAS-Cert-v2-full-vs-RiskMixed_CU-v1.3,0.0,0.0,-0.0016952923366001654,-0.0035335313800161777,-0.002416808158159256,0
105,24,RiskMixed_SAS-Cert-v2-full-vs-RiskMixed_NaiveAug_LS010,0.0,0.0,0.0014937264578683065,0.00044137293701689007,-0.0013725124299526215,0
105,24,RiskMixed_SAS-Cert-v2-full-vs-RiskMixed_CU-v1.3,0.0,0.0,0.02440397909709386,6.148991522236802e-05,-0.0007193088531494141,0
106,20,RiskMixed_SAS-Cert-v2-full-vs-RiskMixed_NaiveAug_LS010,0.10526315789473695,0.1123951317499704,0.07908549649374824,-0.004837078635079983,-0.03174099326133728,1
106,20,RiskMixed_SAS-Cert-v2-full-vs-RiskMixed_CU-v1.3,0.13157894736842113,0.14119998702541392,0.07729337896619526,-0.009549525860282848,-0.03532573580741882,1
106,21,RiskMixed_SAS-Cert-v2-full-vs-RiskMixed_NaiveAug_LS010,0.03125,0.02768142474024815,-0.05182697943278719,-0.07692692007327873,-0.05560746788978577,1
106,21,RiskMixed_SAS-Cert-v2-full-vs-RiskMixed_CU-v1.3,-0.07401315789473695,-0.08481642527695166,0.028739686523165026,-0.07421412092974977,-0.04765176773071289,0
106,22,RiskMixed_SAS-Cert-v2-full-vs-RiskMixed_NaiveAug_LS010,0.02631578947368407,0.024283071230342124,-0.018705634559903872,0.07300184464183768,0.026150792837142944,1
106,22,RiskMixed_SAS-Cert-v2-full-vs-RiskMixed_CU-v1.3,0.0,0.0,0.0439068462167467,0.03946433109075442,0.014195650815963745,0
106,23,RiskMixed_SAS-Cert-v2-full-vs-RiskMixed_NaiveAug_LS010,-0.011513157894736836,-0.01666666666666672,0.06277788834912437,-0.07261413180664517,-0.050736427307128906,0
106,23,RiskMixed_SAS-Cert-v2-full-vs-RiskMixed_CU-v1.3,-0.011513157894736836,-0.01666666666666672,0.05753260808331628,-0.0743961346065431,-0.05059230327606201,0
106,24,RiskMixed_SAS-Cert-v2-full-vs-RiskMixed_NaiveAug_LS010,0.06907894736842113,0.08097870597870604,-0.034390951054436875,-0.009044070862026299,-0.05318465828895569,1
106,24,RiskMixed_SAS-Cert-v2-full-vs-RiskMixed_CU-v1.3,0.06907894736842113,0.08097870597870604,-0.07193159120423456,-0.0003921289203981937,-0.04243764281272888,1
107,20,RiskMixed_SAS-Cert-v2-full-vs-RiskMixed_NaiveAug_LS010,-0.08223684210526322,-0.041901629072681745,0.07267776259354186,-0.15276427309713636,-0.08192378282546997,0
107,20,RiskMixed_SAS-Cert-v2-full-vs-RiskMixed_CU-v1.3,-0.08223684210526322,-0.041901629072681745,0.07593750229903631,-0.13705404906590635,-0.07191842794418335,0
107,21,RiskMixed_SAS-Cert-v2-full-vs-RiskMixed_NaiveAug_LS010,0.009868421052631526,0.004159281578636431,-0.0435315251350403,-0.06260989728664113,-0.03315788507461548,1
107,21,RiskMixed_SAS-Cert-v2-full-vs-RiskMixed_CU-v1.3,-0.052631578947368474,-0.056300456300456214,-0.024791633231299265,-0.0007160072582790278,0.01335558295249939,0
107,22,RiskMixed_SAS-Cert-v2-full-vs-RiskMixed_NaiveAug_LS010,-0.06743421052631571,-0.08929588754470974,0.044682536806379014,0.11866834780634472,0.067145437002182,0
107,22,RiskMixed_SAS-Cert-v2-full-vs-RiskMixed_CU-v1.3,-0.06743421052631571,-0.08929588754470974,0.05034147415842327,0.10960210885630006,0.0618760883808136,0
107,23,RiskMixed_SAS-Cert-v2-full-vs-RiskMixed_NaiveAug_LS010,0.0,0.0,0.03061814904212945,0.04396273141397522,0.01948678493499756,0
107,23,RiskMixed_SAS-Cert-v2-full-vs-RiskMixed_CU-v1.3,0.0,0.0,0.05171878933906554,0.023375279072183508,0.010887324810028076,0
107,24,RiskMixed_SAS-Cert-v2-full-vs-RiskMixed_NaiveAug_LS010,0.050986842105263164,0.02028600991545304,0.1428108291966574,0.33693067661484366,0.15041956305503845,1
107,24,RiskMixed_SAS-Cert-v2-full-vs-RiskMixed_CU-v1.3,0.046052631578947345,0.017652280985284374,0.12147195935249325,0.34280435664671505,0.15197870135307312,1
108,20,RiskMixed_SAS-Cert-v2-full-vs-RiskMixed_NaiveAug_LS010,-0.10784313725490191,-0.13837469719822648,0.11392626677240644,0.21792642806302098,0.12821456789970398,0
108,20,RiskMixed_SAS-Cert-v2-full-vs-RiskMixed_CU-v1.3,-0.05228758169934644,-0.07930391976444606,0.08088891591344563,0.20114379244327152,0.11696451902389526,0
108,21,RiskMixed_SAS-Cert-v2-full-vs-RiskMixed_NaiveAug_LS010,0.05718954248366015,0.059523809523809534,-0.035755201322691776,0.037523685347082614,0.007645696401596069,1
108,21,RiskMixed_SAS-Cert-v2-full-vs-RiskMixed_CU-v1.3,0.05718954248366015,0.059523809523809534,-0.04622083178588321,0.026685372697020537,0.0034443438053131104,1
108,22,RiskMixed_SAS-Cert-v2-full-vs-RiskMixed_NaiveAug_LS010,-0.022875816993464082,-0.037853801458907044,0.019438878979001734,0.02867643032251721,0.03624147176742554,0
108,22,RiskMixed_SAS-Cert-v2-full-vs-RiskMixed_CU-v1.3,-0.022875816993464082,-0.037853801458907044,0.020647695234843666,0.03212859558493508,0.03801840543746948,0
108,23,RiskMixed_SAS-Cert-v2-full-vs-RiskMixed_NaiveAug_LS010,0.0,0.0,-0.03691357714789256,-0.37784184882364036,-0.09005963802337646,0
108,23,RiskMixed_SAS-Cert-v2-full-vs-RiskMixed_CU-v1.3,0.0,0.0,-0.03651602097920015,-0.46007058796212763,-0.09869128465652466,0
108,24,RiskMixed_SAS-Cert-v2-full-vs-RiskMixed_NaiveAug_LS010,0.05882352941176461,0.05907077743378064,0.08063495329448153,0.009353673325140588,0.008705854415893555,1
108,24,RiskMixed_SAS-Cert-v2-full-vs-RiskMixed_CU-v1.3,0.05882352941176461,0.05907077743378064,0.05339587160519191,0.010151757160460018,0.006331950426101685,1
109,20,RiskMixed_SAS-Cert-v2-full-vs-RiskMixed_NaiveAug_LS010,-0.040849673202614345,-0.0755118311504942,-0.0035748703139168725,0.027626529083030982,0.020330876111984253,0
109,20,RiskMixed_SAS-Cert-v2-full-vs-RiskMixed_CU-v1.3,0.021241830065359513,-0.01794604167680991,0.03886350478444786,0.03970797556140859,0.028563082218170166,0
109,21,RiskMixed_SAS-Cert-v2-full-vs-RiskMixed_NaiveAug_LS010,-0.05392156862745112,-0.0556845545235638,-0.03270540578024725,-0.059389778930784454,-0.0483250617980957,0
109,21,RiskMixed_SAS-Cert-v2-full-vs-RiskMixed_CU-v1.3,-0.05392156862745112,-0.0556845545235638,-0.02183860966137474,-0.04454289749599216,-0.03923732042312622,0
109,22,RiskMixed_SAS-Cert-v2-full-vs-RiskMixed_NaiveAug_LS010,-0.02777777777777768,-0.029367602897014677,-0.023678710630961802,0.06164647827776415,0.0064907073974609375,0
109,22,RiskMixed_SAS-Cert-v2-full-vs-RiskMixed_CU-v1.3,0.0,0.0,-0.008897677915436858,0.056570510126129014,0.00695568323135376,0
109,23,RiskMixed_SAS-Cert-v2-full-vs-RiskMixed_NaiveAug_LS010,-0.02777777777777779,-0.027486367946894075,-0.03647875360080173,-0.057044500369917484,-0.02801692485809326,0
109,23,RiskMixed_SAS-Cert-v2-full-vs-RiskMixed_CU-v1.3,0.0016339869281045694,0.0031296805490355073,0.039944806269236965,-0.029601808378478145,-0.015050888061523438,1
109,24,RiskMixed_SAS-Cert-v2-full-vs-RiskMixed_NaiveAug_LS010,0.06045751633986929,0.06357083776438621,0.00835856454713002,-0.697078076645285,-0.10061156749725342,1
109,24,RiskMixed_SAS-Cert-v2-full-vs-RiskMixed_CU-v1.3,0.06045751633986929,0.06357083776438621,-0.005370167323521191,-0.617248369222899,-0.09052169322967529,1
